date_key,date,year,quarter,month,month_name,week_of_year,day,weekday_name
20240101,2024-01-01,2024,Q1,1,Jan,1,1,Monday
20240102,2024-01-02,2024,Q1,1,Jan,1,2,Tuesday
20240103,2024-01-03,2024,Q1,1,Jan,1,3,Wednesday
20240104,2024-01-04,2024,Q1,1,Jan,1,4,Thursday
20240105,2024-01-05,2024,Q1,1,Jan,1,5,Friday
20240106,2024-01-06,2024,Q1,1,Jan,1,6,Saturday
20240107,2024-01-07,2024,Q1,1,Jan,1,7,Sunday
20240108,2024-01-08,2024,Q1,1,Jan,2,8,Monday
20240109,2024-01-09,2024,Q1,1,Jan,2,9,Tuesday
20240110,2024-01-10,2024,Q1,1,Jan,2,10,Wednesday
20240111,2024-01-11,2024,Q1,1,Jan,2,11,Thursday
20240112,2024-01-12,2024,Q1,1,Jan,2,12,Friday
20240113,2024-01-13,2024,Q1,1,Jan,2,13,Saturday
20240114,2024-01-14,2024,Q1,1,Jan,2,14,Sunday
20240115,2024-01-15,2024,Q1,1,Jan,3,15,Monday
20240116,2024-01-16,2024,Q1,1,Jan,3,16,Tuesday
20240117,2024-01-17,2024,Q1,1,Jan,3,17,Wednesday
20240118,2024-01-18,2024,Q1,1,Jan,3,18,Thursday
20240119,2024-01-19,2024,Q1,1,Jan,3,19,Friday
20240120,2024-01-20,2024,Q1,1,Jan,3,20,Saturday
20240121,2024-01-21,2024,Q1,1,Jan,3,21,Sunday
20240122,2024-01-22,2024,Q1,1,Jan,4,22,Monday
20240123,2024-01-23,2024,Q1,1,Jan,4,23,Tuesday
20240124,2024-01-24,2024,Q1,1,Jan,4,24,Wednesday
20240125,2024-01-25,2024,Q1,1,Jan,4,25,Thursday
20240126,2024-01-26,2024,Q1,1,Jan,4,26,Friday
20240127,2024-01-27,2024,Q1,1,Jan,4,27,Saturday
20240128,2024-01-28,2024,Q1,1,Jan,4,28,Sunday
20240129,2024-01-29,2024,Q1,1,Jan,5,29,Monday
20240130,2024-01-30,2024,Q1,1,Jan,5,30,Tuesday
20240131,2024-01-31,2024,Q1,1,Jan,5,31,Wednesday
20240201,2024-02-01,2024,Q1,2,Feb,5,1,Thursday
20240202,2024-02-02,2024,Q1,2,Feb,5,2,Friday
20240203,2024-02-03,2024,Q1,2,Feb,5,3,Saturday
20240204,2024-02-04,2024,Q1,2,Feb,5,4,Sunday
20240205,2024-02-05,2024,Q1,2,Feb,6,5,Monday
20240206,2024-02-06,2024,Q1,2,Feb,6,6,Tuesday
20240207,2024-02-07,2024,Q1,2,Feb,6,7,Wednesday
20240208,2024-02-08,2024,Q1,2,Feb,6,8,Thursday
20240209,2024-02-09,2024,Q1,2,Feb,6,9,Friday
20240210,2024-02-10,2024,Q1,2,Feb,6,10,Saturday
20240211,2024-02-11,2024,Q1,2,Feb,6,11,Sunday
20240212,2024-02-12,2024,Q1,2,Feb,7,12,Monday
20240213,2024-02-13,2024,Q1,2,Feb,7,13,Tuesday
20240214,2024-02-14,2024,Q1,2,Feb,7,14,Wednesday
20240215,2024-02-15,2024,Q1,2,Feb,7,15,Thursday
20240216,2024-02-16,2024,Q1,2,Feb,7,16,Friday
20240217,2024-02-17,2024,Q1,2,Feb,7,17,Saturday
20240218,2024-02-18,2024,Q1,2,Feb,7,18,Sunday
20240219,2024-02-19,2024,Q1,2,Feb,8,19,Monday
20240220,2024-02-20,2024,Q1,2,Feb,8,20,Tuesday
20240221,2024-02-21,2024,Q1,2,Feb,8,21,Wednesday
20240222,2024-02-22,2024,Q1,2,Feb,8,22,Thursday
20240223,2024-02-23,2024,Q1,2,Feb,8,23,Friday
20240224,2024-02-24,2024,Q1,2,Feb,8,24,Saturday
20240225,2024-02-25,2024,Q1,2,Feb,8,25,Sunday
20240226,2024-02-26,2024,Q1,2,Feb,9,26,Monday
20240227,2024-02-27,2024,Q1,2,Feb,9,27,Tuesday
20240228,2024-02-28,2024,Q1,2,Feb,9,28,Wednesday
20240229,2024-02-29,2024,Q1,2,Feb,9,29,Thursday
20240301,2024-03-01,2024,Q1,3,Mar,9,1,Friday
20240302,2024-03-02,2024,Q1,3,Mar,9,2,Saturday
20240303,2024-03-03,2024,Q1,3,Mar,9,3,Sunday
20240304,2024-03-04,2024,Q1,3,Mar,10,4,Monday
20240305,2024-03-05,2024,Q1,3,Mar,10,5,Tuesday
20240306,2024-03-06,2024,Q1,3,Mar,10,6,Wednesday
20240307,2024-03-07,2024,Q1,3,Mar,10,7,Thursday
20240308,2024-03-08,2024,Q1,3,Mar,10,8,Friday
20240309,2024-03-09,2024,Q1,3,Mar,10,9,Saturday
20240310,2024-03-10,2024,Q1,3,Mar,10,10,Sunday
20240311,2024-03-11,2024,Q1,3,Mar,11,11,Monday
20240312,2024-03-12,2024,Q1,3,Mar,11,12,Tuesday
20240313,2024-03-13,2024,Q1,3,Mar,11,13,Wednesday
20240314,2024-03-14,2024,Q1,3,Mar,11,14,Thursday
20240315,2024-03-15,2024,Q1,3,Mar,11,15,Friday
20240316,2024-03-16,2024,Q1,3,Mar,11,16,Saturday
20240317,2024-03-17,2024,Q1,3,Mar,11,17,Sunday
20240318,2024-03-18,2024,Q1,3,Mar,12,18,Monday
20240319,2024-03-19,2024,Q1,3,Mar,12,19,Tuesday
20240320,2024-03-20,2024,Q1,3,Mar,12,20,Wednesday
20240321,2024-03-21,2024,Q1,3,Mar,12,21,Thursday
20240322,2024-03-22,2024,Q1,3,Mar,12,22,Friday
20240323,2024-03-23,2024,Q1,3,Mar,12,23,Saturday
20240324,2024-03-24,2024,Q1,3,Mar,12,24,Sunday
20240325,2024-03-25,2024,Q1,3,Mar,13,25,Monday
20240326,2024-03-26,2024,Q1,3,Mar,13,26,Tuesday
20240327,2024-03-27,2024,Q1,3,Mar,13,27,Wednesday
20240328,2024-03-28,2024,Q1,3,Mar,13,28,Thursday
20240329,2024-03-29,2024,Q1,3,Mar,13,29,Friday
20240330,2024-03-30,2024,Q1,3,Mar,13,30,Saturday
20240331,2024-03-31,2024,Q1,3,Mar,13,31,Sunday
20240401,2024-04-01,2024,Q2,4,Apr,14,1,Monday
20240402,2024-04-02,2024,Q2,4,Apr,14,2,Tuesday
20240403,2024-04-03,2024,Q2,4,Apr,14,3,Wednesday
20240404,2024-04-04,2024,Q2,4,Apr,14,4,Thursday
20240405,2024-04-05,2024,Q2,4,Apr,14,5,Friday
20240406,2024-04-06,2024,Q2,4,Apr,14,6,Saturday
20240407,2024-04-07,2024,Q2,4,Apr,14,7,Sunday
20240408,2024-04-08,2024,Q2,4,Apr,15,8,Monday
20240409,2024-04-09,2024,Q2,4,Apr,15,9,Tuesday
20240410,2024-04-10,2024,Q2,4,Apr,15,10,Wednesday
20240411,2024-04-11,2024,Q2,4,Apr,15,11,Thursday
20240412,2024-04-12,2024,Q2,4,Apr,15,12,Friday
20240413,2024-04-13,2024,Q2,4,Apr,15,13,Saturday
20240414,2024-04-14,2024,Q2,4,Apr,15,14,Sunday
20240415,2024-04-15,2024,Q2,4,Apr,16,15,Monday
20240416,2024-04-16,2024,Q2,4,Apr,16,16,Tuesday
20240417,2024-04-17,2024,Q2,4,Apr,16,17,Wednesday
20240418,2024-04-18,2024,Q2,4,Apr,16,18,Thursday
20240419,2024-04-19,2024,Q2,4,Apr,16,19,Friday
20240420,2024-04-20,2024,Q2,4,Apr,16,20,Saturday
20240421,2024-04-21,2024,Q2,4,Apr,16,21,Sunday
20240422,2024-04-22,2024,Q2,4,Apr,17,22,Monday
20240423,2024-04-23,2024,Q2,4,Apr,17,23,Tuesday
20240424,2024-04-24,2024,Q2,4,Apr,17,24,Wednesday
20240425,2024-04-25,2024,Q2,4,Apr,17,25,Thursday
20240426,2024-04-26,2024,Q2,4,Apr,17,26,Friday
20240427,2024-04-27,2024,Q2,4,Apr,17,27,Saturday
20240428,2024-04-28,2024,Q2,4,Apr,17,28,Sunday
20240429,2024-04-29,2024,Q2,4,Apr,18,29,Monday
20240430,2024-04-30,2024,Q2,4,Apr,18,30,Tuesday
20240501,2024-05-01,2024,Q2,5,May,18,1,Wednesday
20240502,2024-05-02,2024,Q2,5,May,18,2,Thursday
20240503,2024-05-03,2024,Q2,5,May,18,3,Friday
20240504,2024-05-04,2024,Q2,5,May,18,4,Saturday
20240505,2024-05-05,2024,Q2,5,May,18,5,Sunday
20240506,2024-05-06,2024,Q2,5,May,19,6,Monday
20240507,2024-05-07,2024,Q2,5,May,19,7,Tuesday
20240508,2024-05-08,2024,Q2,5,May,19,8,Wednesday
20240509,2024-05-09,2024,Q2,5,May,19,9,Thursday
20240510,2024-05-10,2024,Q2,5,May,19,10,Friday
20240511,2024-05-11,2024,Q2,5,May,19,11,Saturday
20240512,2024-05-12,2024,Q2,5,May,19,12,Sunday
20240513,2024-05-13,2024,Q2,5,May,20,13,Monday
20240514,2024-05-14,2024,Q2,5,May,20,14,Tuesday
20240515,2024-05-15,2024,Q2,5,May,20,15,Wednesday
20240516,2024-05-16,2024,Q2,5,May,20,16,Thursday
20240517,2024-05-17,2024,Q2,5,May,20,17,Friday
20240518,2024-05-18,2024,Q2,5,May,20,18,Saturday
20240519,2024-05-19,2024,Q2,5,May,20,19,Sunday
20240520,2024-05-20,2024,Q2,5,May,21,20,Monday
20240521,2024-05-21,2024,Q2,5,May,21,21,Tuesday
20240522,2024-05-22,2024,Q2,5,May,21,22,Wednesday
20240523,2024-05-23,2024,Q2,5,May,21,23,Thursday
20240524,2024-05-24,2024,Q2,5,May,21,24,Friday
20240525,2024-05-25,2024,Q2,5,May,21,25,Saturday
20240526,2024-05-26,2024,Q2,5,May,21,26,Sunday
20240527,2024-05-27,2024,Q2,5,May,22,27,Monday
20240528,2024-05-28,2024,Q2,5,May,22,28,Tuesday
20240529,2024-05-29,2024,Q2,5,May,22,29,Wednesday
20240530,2024-05-30,2024,Q2,5,May,22,30,Thursday
20240531,2024-05-31,2024,Q2,5,May,22,31,Friday
20240601,2024-06-01,2024,Q2,6,Jun,22,1,Saturday
20240602,2024-06-02,2024,Q2,6,Jun,22,2,Sunday
20240603,2024-06-03,2024,Q2,6,Jun,23,3,Monday
20240604,2024-06-04,2024,Q2,6,Jun,23,4,Tuesday
20240605,2024-06-05,2024,Q2,6,Jun,23,5,Wednesday
20240606,2024-06-06,2024,Q2,6,Jun,23,6,Thursday
20240607,2024-06-07,2024,Q2,6,Jun,23,7,Friday
20240608,2024-06-08,2024,Q2,6,Jun,23,8,Saturday
20240609,2024-06-09,2024,Q2,6,Jun,23,9,Sunday
20240610,2024-06-10,2024,Q2,6,Jun,24,10,Monday
20240611,2024-06-11,2024,Q2,6,Jun,24,11,Tuesday
20240612,2024-06-12,2024,Q2,6,Jun,24,12,Wednesday
20240613,2024-06-13,2024,Q2,6,Jun,24,13,Thursday
20240614,2024-06-14,2024,Q2,6,Jun,24,14,Friday
20240615,2024-06-15,2024,Q2,6,Jun,24,15,Saturday
20240616,2024-06-16,2024,Q2,6,Jun,24,16,Sunday
20240617,2024-06-17,2024,Q2,6,Jun,25,17,Monday
20240618,2024-06-18,2024,Q2,6,Jun,25,18,Tuesday
20240619,2024-06-19,2024,Q2,6,Jun,25,19,Wednesday
20240620,2024-06-20,2024,Q2,6,Jun,25,20,Thursday
20240621,2024-06-21,2024,Q2,6,Jun,25,21,Friday
20240622,2024-06-22,2024,Q2,6,Jun,25,22,Saturday
20240623,2024-06-23,2024,Q2,6,Jun,25,23,Sunday
20240624,2024-06-24,2024,Q2,6,Jun,26,24,Monday
20240625,2024-06-25,2024,Q2,6,Jun,26,25,Tuesday
20240626,2024-06-26,2024,Q2,6,Jun,26,26,Wednesday
20240627,2024-06-27,2024,Q2,6,Jun,26,27,Thursday
20240628,2024-06-28,2024,Q2,6,Jun,26,28,Friday
20240629,2024-06-29,2024,Q2,6,Jun,26,29,Saturday
20240630,2024-06-30,2024,Q2,6,Jun,26,30,Sunday
20240701,2024-07-01,2024,Q3,7,Jul,27,1,Monday
20240702,2024-07-02,2024,Q3,7,Jul,27,2,Tuesday
20240703,2024-07-03,2024,Q3,7,Jul,27,3,Wednesday
20240704,2024-07-04,2024,Q3,7,Jul,27,4,Thursday
20240705,2024-07-05,2024,Q3,7,Jul,27,5,Friday
20240706,2024-07-06,2024,Q3,7,Jul,27,6,Saturday
20240707,2024-07-07,2024,Q3,7,Jul,27,7,Sunday
20240708,2024-07-08,2024,Q3,7,Jul,28,8,Monday
20240709,2024-07-09,2024,Q3,7,Jul,28,9,Tuesday
20240710,2024-07-10,2024,Q3,7,Jul,28,10,Wednesday
20240711,2024-07-11,2024,Q3,7,Jul,28,11,Thursday
20240712,2024-07-12,2024,Q3,7,Jul,28,12,Friday
20240713,2024-07-13,2024,Q3,7,Jul,28,13,Saturday
20240714,2024-07-14,2024,Q3,7,Jul,28,14,Sunday
20240715,2024-07-15,2024,Q3,7,Jul,29,15,Monday
20240716,2024-07-16,2024,Q3,7,Jul,29,16,Tuesday
20240717,2024-07-17,2024,Q3,7,Jul,29,17,Wednesday
20240718,2024-07-18,2024,Q3,7,Jul,29,18,Thursday
20240719,2024-07-19,2024,Q3,7,Jul,29,19,Friday
20240720,2024-07-20,2024,Q3,7,Jul,29,20,Saturday
20240721,2024-07-21,2024,Q3,7,Jul,29,21,Sunday
20240722,2024-07-22,2024,Q3,7,Jul,30,22,Monday
20240723,2024-07-23,2024,Q3,7,Jul,30,23,Tuesday
20240724,2024-07-24,2024,Q3,7,Jul,30,24,Wednesday
20240725,2024-07-25,2024,Q3,7,Jul,30,25,Thursday
20240726,2024-07-26,2024,Q3,7,Jul,30,26,Friday
20240727,2024-07-27,2024,Q3,7,Jul,30,27,Saturday
20240728,2024-07-28,2024,Q3,7,Jul,30,28,Sunday
20240729,2024-07-29,2024,Q3,7,Jul,31,29,Monday
20240730,2024-07-30,2024,Q3,7,Jul,31,30,Tuesday
20240731,2024-07-31,2024,Q3,7,Jul,31,31,Wednesday
20240801,2024-08-01,2024,Q3,8,Aug,31,1,Thursday
20240802,2024-08-02,2024,Q3,8,Aug,31,2,Friday
20240803,2024-08-03,2024,Q3,8,Aug,31,3,Saturday
20240804,2024-08-04,2024,Q3,8,Aug,31,4,Sunday
20240805,2024-08-05,2024,Q3,8,Aug,32,5,Monday
20240806,2024-08-06,2024,Q3,8,Aug,32,6,Tuesday
20240807,2024-08-07,2024,Q3,8,Aug,32,7,Wednesday
20240808,2024-08-08,2024,Q3,8,Aug,32,8,Thursday
20240809,2024-08-09,2024,Q3,8,Aug,32,9,Friday
20240810,2024-08-10,2024,Q3,8,Aug,32,10,Saturday
20240811,2024-08-11,2024,Q3,8,Aug,32,11,Sunday
20240812,2024-08-12,2024,Q3,8,Aug,33,12,Monday
20240813,2024-08-13,2024,Q3,8,Aug,33,13,Tuesday
20240814,2024-08-14,2024,Q3,8,Aug,33,14,Wednesday
20240815,2024-08-15,2024,Q3,8,Aug,33,15,Thursday
20240816,2024-08-16,2024,Q3,8,Aug,33,16,Friday
20240817,2024-08-17,2024,Q3,8,Aug,33,17,Saturday
20240818,2024-08-18,2024,Q3,8,Aug,33,18,Sunday
20240819,2024-08-19,2024,Q3,8,Aug,34,19,Monday
20240820,2024-08-20,2024,Q3,8,Aug,34,20,Tuesday
20240821,2024-08-21,2024,Q3,8,Aug,34,21,Wednesday
20240822,2024-08-22,2024,Q3,8,Aug,34,22,Thursday
20240823,2024-08-23,2024,Q3,8,Aug,34,23,Friday
20240824,2024-08-24,2024,Q3,8,Aug,34,24,Saturday
20240825,2024-08-25,2024,Q3,8,Aug,34,25,Sunday
20240826,2024-08-26,2024,Q3,8,Aug,35,26,Monday
20240827,2024-08-27,2024,Q3,8,Aug,35,27,Tuesday
20240828,2024-08-28,2024,Q3,8,Aug,35,28,Wednesday
20240829,2024-08-29,2024,Q3,8,Aug,35,29,Thursday
20240830,2024-08-30,2024,Q3,8,Aug,35,30,Friday
20240831,2024-08-31,2024,Q3,8,Aug,35,31,Saturday
20240901,2024-09-01,2024,Q3,9,Sep,35,1,Sunday
20240902,2024-09-02,2024,Q3,9,Sep,36,2,Monday
20240903,2024-09-03,2024,Q3,9,Sep,36,3,Tuesday
20240904,2024-09-04,2024,Q3,9,Sep,36,4,Wednesday
20240905,2024-09-05,2024,Q3,9,Sep,36,5,Thursday
20240906,2024-09-06,2024,Q3,9,Sep,36,6,Friday
20240907,2024-09-07,2024,Q3,9,Sep,36,7,Saturday
20240908,2024-09-08,2024,Q3,9,Sep,36,8,Sunday
20240909,2024-09-09,2024,Q3,9,Sep,37,9,Monday
20240910,2024-09-10,2024,Q3,9,Sep,37,10,Tuesday
20240911,2024-09-11,2024,Q3,9,Sep,37,11,Wednesday
20240912,2024-09-12,2024,Q3,9,Sep,37,12,Thursday
20240913,2024-09-13,2024,Q3,9,Sep,37,13,Friday
20240914,2024-09-14,2024,Q3,9,Sep,37,14,Saturday
20240915,2024-09-15,2024,Q3,9,Sep,37,15,Sunday
20240916,2024-09-16,2024,Q3,9,Sep,38,16,Monday
20240917,2024-09-17,2024,Q3,9,Sep,38,17,Tuesday
20240918,2024-09-18,2024,Q3,9,Sep,38,18,Wednesday
20240919,2024-09-19,2024,Q3,9,Sep,38,19,Thursday
20240920,2024-09-20,2024,Q3,9,Sep,38,20,Friday
20240921,2024-09-21,2024,Q3,9,Sep,38,21,Saturday
20240922,2024-09-22,2024,Q3,9,Sep,38,22,Sunday
20240923,2024-09-23,2024,Q3,9,Sep,39,23,Monday
20240924,2024-09-24,2024,Q3,9,Sep,39,24,Tuesday
20240925,2024-09-25,2024,Q3,9,Sep,39,25,Wednesday
20240926,2024-09-26,2024,Q3,9,Sep,39,26,Thursday
20240927,2024-09-27,2024,Q3,9,Sep,39,27,Friday
20240928,2024-09-28,2024,Q3,9,Sep,39,28,Saturday
20240929,2024-09-29,2024,Q3,9,Sep,39,29,Sunday
20240930,2024-09-30,2024,Q3,9,Sep,40,30,Monday
20241001,2024-10-01,2024,Q4,10,Oct,40,1,Tuesday
20241002,2024-10-02,2024,Q4,10,Oct,40,2,Wednesday
20241003,2024-10-03,2024,Q4,10,Oct,40,3,Thursday
20241004,2024-10-04,2024,Q4,10,Oct,40,4,Friday
20241005,2024-10-05,2024,Q4,10,Oct,40,5,Saturday
20241006,2024-10-06,2024,Q4,10,Oct,40,6,Sunday
20241007,2024-10-07,2024,Q4,10,Oct,41,7,Monday
20241008,2024-10-08,2024,Q4,10,Oct,41,8,Tuesday
20241009,2024-10-09,2024,Q4,10,Oct,41,9,Wednesday
20241010,2024-10-10,2024,Q4,10,Oct,41,10,Thursday
20241011,2024-10-11,2024,Q4,10,Oct,41,11,Friday
20241012,2024-10-12,2024,Q4,10,Oct,41,12,Saturday
20241013,2024-10-13,2024,Q4,10,Oct,41,13,Sunday
20241014,2024-10-14,2024,Q4,10,Oct,42,14,Monday
20241015,2024-10-15,2024,Q4,10,Oct,42,15,Tuesday
20241016,2024-10-16,2024,Q4,10,Oct,42,16,Wednesday
20241017,2024-10-17,2024,Q4,10,Oct,42,17,Thursday
20241018,2024-10-18,2024,Q4,10,Oct,42,18,Friday
20241019,2024-10-19,2024,Q4,10,Oct,42,19,Saturday
20241020,2024-10-20,2024,Q4,10,Oct,42,20,Sunday
20241021,2024-10-21,2024,Q4,10,Oct,43,21,Monday
20241022,2024-10-22,2024,Q4,10,Oct,43,22,Tuesday
20241023,2024-10-23,2024,Q4,10,Oct,43,23,Wednesday
20241024,2024-10-24,2024,Q4,10,Oct,43,24,Thursday
20241025,2024-10-25,2024,Q4,10,Oct,43,25,Friday
20241026,2024-10-26,2024,Q4,10,Oct,43,26,Saturday
20241027,2024-10-27,2024,Q4,10,Oct,43,27,Sunday
20241028,2024-10-28,2024,Q4,10,Oct,44,28,Monday
20241029,2024-10-29,2024,Q4,10,Oct,44,29,Tuesday
20241030,2024-10-30,2024,Q4,10,Oct,44,30,Wednesday
20241031,2024-10-31,2024,Q4,10,Oct,44,31,Thursday
20241101,2024-11-01,2024,Q4,11,Nov,44,1,Friday
20241102,2024-11-02,2024,Q4,11,Nov,44,2,Saturday
20241103,2024-11-03,2024,Q4,11,Nov,44,3,Sunday
20241104,2024-11-04,2024,Q4,11,Nov,45,4,Monday
20241105,2024-11-05,2024,Q4,11,Nov,45,5,Tuesday
20241106,2024-11-06,2024,Q4,11,Nov,45,6,Wednesday
20241107,2024-11-07,2024,Q4,11,Nov,45,7,Thursday
20241108,2024-11-08,2024,Q4,11,Nov,45,8,Friday
20241109,2024-11-09,2024,Q4,11,Nov,45,9,Saturday
20241110,2024-11-10,2024,Q4,11,Nov,45,10,Sunday
20241111,2024-11-11,2024,Q4,11,Nov,46,11,Monday
20241112,2024-11-12,2024,Q4,11,Nov,46,12,Tuesday
20241113,2024-11-13,2024,Q4,11,Nov,46,13,Wednesday
20241114,2024-11-14,2024,Q4,11,Nov,46,14,Thursday
20241115,2024-11-15,2024,Q4,11,Nov,46,15,Friday
20241116,2024-11-16,2024,Q4,11,Nov,46,16,Saturday
20241117,2024-11-17,2024,Q4,11,Nov,46,17,Sunday
20241118,2024-11-18,2024,Q4,11,Nov,47,18,Monday
20241119,2024-11-19,2024,Q4,11,Nov,47,19,Tuesday
20241120,2024-11-20,2024,Q4,11,Nov,47,20,Wednesday
20241121,2024-11-21,2024,Q4,11,Nov,47,21,Thursday
20241122,2024-11-22,2024,Q4,11,Nov,47,22,Friday
20241123,2024-11-23,2024,Q4,11,Nov,47,23,Saturday
20241124,2024-11-24,2024,Q4,11,Nov,47,24,Sunday
20241125,2024-11-25,2024,Q4,11,Nov,48,25,Monday
20241126,2024-11-26,2024,Q4,11,Nov,48,26,Tuesday
20241127,2024-11-27,2024,Q4,11,Nov,48,27,Wednesday
20241128,2024-11-28,2024,Q4,11,Nov,48,28,Thursday
20241129,2024-11-29,2024,Q4,11,Nov,48,29,Friday
20241130,2024-11-30,2024,Q4,11,Nov,48,30,Saturday
20241201,2024-12-01,2024,Q4,12,Dec,48,1,Sunday
20241202,2024-12-02,2024,Q4,12,Dec,49,2,Monday
20241203,2024-12-03,2024,Q4,12,Dec,49,3,Tuesday
20241204,2024-12-04,2024,Q4,12,Dec,49,4,Wednesday
20241205,2024-12-05,2024,Q4,12,Dec,49,5,Thursday
20241206,2024-12-06,2024,Q4,12,Dec,49,6,Friday
20241207,2024-12-07,2024,Q4,12,Dec,49,7,Saturday
20241208,2024-12-08,2024,Q4,12,Dec,49,8,Sunday
20241209,2024-12-09,2024,Q4,12,Dec,50,9,Monday
20241210,2024-12-10,2024,Q4,12,Dec,50,10,Tuesday
20241211,2024-12-11,2024,Q4,12,Dec,50,11,Wednesday
20241212,2024-12-12,2024,Q4,12,Dec,50,12,Thursday
20241213,2024-12-13,2024,Q4,12,Dec,50,13,Friday
20241214,2024-12-14,2024,Q4,12,Dec,50,14,Saturday
20241215,2024-12-15,2024,Q4,12,Dec,50,15,Sunday
20241216,2024-12-16,2024,Q4,12,Dec,51,16,Monday
20241217,2024-12-17,2024,Q4,12,Dec,51,17,Tuesday
20241218,2024-12-18,2024,Q4,12,Dec,51,18,Wednesday
20241219,2024-12-19,2024,Q4,12,Dec,51,19,Thursday
20241220,2024-12-20,2024,Q4,12,Dec,51,20,Friday
20241221,2024-12-21,2024,Q4,12,Dec,51,21,Saturday
20241222,2024-12-22,2024,Q4,12,Dec,51,22,Sunday
20241223,2024-12-23,2024,Q4,12,Dec,52,23,Monday
20241224,2024-12-24,2024,Q4,12,Dec,52,24,Tuesday
20241225,2024-12-25,2024,Q4,12,Dec,52,25,Wednesday
20241226,2024-12-26,2024,Q4,12,Dec,52,26,Thursday
20241227,2024-12-27,2024,Q4,12,Dec,52,27,Friday
20241228,2024-12-28,2024,Q4,12,Dec,52,28,Saturday
20241229,2024-12-29,2024,Q4,12,Dec,52,29,Sunday
20241230,2024-12-30,2024,Q4,12,Dec,1,30,Monday
20241231,2024-12-31,2024,Q4,12,Dec,1,31,Tuesday
20250101,2025-01-01,2025,Q1,1,Jan,1,1,Wednesday
20250102,2025-01-02,2025,Q1,1,Jan,1,2,Thursday
20250103,2025-01-03,2025,Q1,1,Jan,1,3,Friday
20250104,2025-01-04,2025,Q1,1,Jan,1,4,Saturday
20250105,2025-01-05,2025,Q1,1,Jan,1,5,Sunday
20250106,2025-01-06,2025,Q1,1,Jan,2,6,Monday
20250107,2025-01-07,2025,Q1,1,Jan,2,7,Tuesday
20250108,2025-01-08,2025,Q1,1,Jan,2,8,Wednesday
20250109,2025-01-09,2025,Q1,1,Jan,2,9,Thursday
20250110,2025-01-10,2025,Q1,1,Jan,2,10,Friday
20250111,2025-01-11,2025,Q1,1,Jan,2,11,Saturday
20250112,2025-01-12,2025,Q1,1,Jan,2,12,Sunday
20250113,2025-01-13,2025,Q1,1,Jan,3,13,Monday
20250114,2025-01-14,2025,Q1,1,Jan,3,14,Tuesday
20250115,2025-01-15,2025,Q1,1,Jan,3,15,Wednesday
20250116,2025-01-16,2025,Q1,1,Jan,3,16,Thursday
20250117,2025-01-17,2025,Q1,1,Jan,3,17,Friday
20250118,2025-01-18,2025,Q1,1,Jan,3,18,Saturday
20250119,2025-01-19,2025,Q1,1,Jan,3,19,Sunday
20250120,2025-01-20,2025,Q1,1,Jan,4,20,Monday
20250121,2025-01-21,2025,Q1,1,Jan,4,21,Tuesday
20250122,2025-01-22,2025,Q1,1,Jan,4,22,Wednesday
20250123,2025-01-23,2025,Q1,1,Jan,4,23,Thursday
20250124,2025-01-24,2025,Q1,1,Jan,4,24,Friday
20250125,2025-01-25,2025,Q1,1,Jan,4,25,Saturday
20250126,2025-01-26,2025,Q1,1,Jan,4,26,Sunday
20250127,2025-01-27,2025,Q1,1,Jan,5,27,Monday
20250128,2025-01-28,2025,Q1,1,Jan,5,28,Tuesday
20250129,2025-01-29,2025,Q1,1,Jan,5,29,Wednesday
20250130,2025-01-30,2025,Q1,1,Jan,5,30,Thursday
20250131,2025-01-31,2025,Q1,1,Jan,5,31,Friday
20250201,2025-02-01,2025,Q1,2,Feb,5,1,Saturday
20250202,2025-02-02,2025,Q1,2,Feb,5,2,Sunday
20250203,2025-02-03,2025,Q1,2,Feb,6,3,Monday
20250204,2025-02-04,2025,Q1,2,Feb,6,4,Tuesday
20250205,2025-02-05,2025,Q1,2,Feb,6,5,Wednesday
20250206,2025-02-06,2025,Q1,2,Feb,6,6,Thursday
20250207,2025-02-07,2025,Q1,2,Feb,6,7,Friday
20250208,2025-02-08,2025,Q1,2,Feb,6,8,Saturday
20250209,2025-02-09,2025,Q1,2,Feb,6,9,Sunday
20250210,2025-02-10,2025,Q1,2,Feb,7,10,Monday
20250211,2025-02-11,2025,Q1,2,Feb,7,11,Tuesday
20250212,2025-02-12,2025,Q1,2,Feb,7,12,Wednesday
20250213,2025-02-13,2025,Q1,2,Feb,7,13,Thursday
20250214,2025-02-14,2025,Q1,2,Feb,7,14,Friday
20250215,2025-02-15,2025,Q1,2,Feb,7,15,Saturday
20250216,2025-02-16,2025,Q1,2,Feb,7,16,Sunday
20250217,2025-02-17,2025,Q1,2,Feb,8,17,Monday
20250218,2025-02-18,2025,Q1,2,Feb,8,18,Tuesday
20250219,2025-02-19,2025,Q1,2,Feb,8,19,Wednesday
20250220,2025-02-20,2025,Q1,2,Feb,8,20,Thursday
20250221,2025-02-21,2025,Q1,2,Feb,8,21,Friday
20250222,2025-02-22,2025,Q1,2,Feb,8,22,Saturday
20250223,2025-02-23,2025,Q1,2,Feb,8,23,Sunday
20250224,2025-02-24,2025,Q1,2,Feb,9,24,Monday
20250225,2025-02-25,2025,Q1,2,Feb,9,25,Tuesday
20250226,2025-02-26,2025,Q1,2,Feb,9,26,Wednesday
20250227,2025-02-27,2025,Q1,2,Feb,9,27,Thursday
20250228,2025-02-28,2025,Q1,2,Feb,9,28,Friday
20250301,2025-03-01,2025,Q1,3,Mar,9,1,Saturday
20250302,2025-03-02,2025,Q1,3,Mar,9,2,Sunday
20250303,2025-03-03,2025,Q1,3,Mar,10,3,Monday
20250304,2025-03-04,2025,Q1,3,Mar,10,4,Tuesday
20250305,2025-03-05,2025,Q1,3,Mar,10,5,Wednesday
20250306,2025-03-06,2025,Q1,3,Mar,10,6,Thursday
20250307,2025-03-07,2025,Q1,3,Mar,10,7,Friday
20250308,2025-03-08,2025,Q1,3,Mar,10,8,Saturday
20250309,2025-03-09,2025,Q1,3,Mar,10,9,Sunday
20250310,2025-03-10,2025,Q1,3,Mar,11,10,Monday
20250311,2025-03-11,2025,Q1,3,Mar,11,11,Tuesday
20250312,2025-03-12,2025,Q1,3,Mar,11,12,Wednesday
20250313,2025-03-13,2025,Q1,3,Mar,11,13,Thursday
20250314,2025-03-14,2025,Q1,3,Mar,11,14,Friday
20250315,2025-03-15,2025,Q1,3,Mar,11,15,Saturday
20250316,2025-03-16,2025,Q1,3,Mar,11,16,Sunday
20250317,2025-03-17,2025,Q1,3,Mar,12,17,Monday
20250318,2025-03-18,2025,Q1,3,Mar,12,18,Tuesday
20250319,2025-03-19,2025,Q1,3,Mar,12,19,Wednesday
20250320,2025-03-20,2025,Q1,3,Mar,12,20,Thursday
20250321,2025-03-21,2025,Q1,3,Mar,12,21,Friday
20250322,2025-03-22,2025,Q1,3,Mar,12,22,Saturday
20250323,2025-03-23,2025,Q1,3,Mar,12,23,Sunday
20250324,2025-03-24,2025,Q1,3,Mar,13,24,Monday
20250325,2025-03-25,2025,Q1,3,Mar,13,25,Tuesday
20250326,2025-03-26,2025,Q1,3,Mar,13,26,Wednesday
20250327,2025-03-27,2025,Q1,3,Mar,13,27,Thursday
20250328,2025-03-28,2025,Q1,3,Mar,13,28,Friday
20250329,2025-03-29,2025,Q1,3,Mar,13,29,Saturday
20250330,2025-03-30,2025,Q1,3,Mar,13,30,Sunday
20250331,2025-03-31,2025,Q1,3,Mar,14,31,Monday
20250401,2025-04-01,2025,Q2,4,Apr,14,1,Tuesday
20250402,2025-04-02,2025,Q2,4,Apr,14,2,Wednesday
20250403,2025-04-03,2025,Q2,4,Apr,14,3,Thursday
20250404,2025-04-04,2025,Q2,4,Apr,14,4,Friday
20250405,2025-04-05,2025,Q2,4,Apr,14,5,Saturday
20250406,2025-04-06,2025,Q2,4,Apr,14,6,Sunday
20250407,2025-04-07,2025,Q2,4,Apr,15,7,Monday
20250408,2025-04-08,2025,Q2,4,Apr,15,8,Tuesday
20250409,2025-04-09,2025,Q2,4,Apr,15,9,Wednesday
20250410,2025-04-10,2025,Q2,4,Apr,15,10,Thursday
20250411,2025-04-11,2025,Q2,4,Apr,15,11,Friday
20250412,2025-04-12,2025,Q2,4,Apr,15,12,Saturday
20250413,2025-04-13,2025,Q2,4,Apr,15,13,Sunday
20250414,2025-04-14,2025,Q2,4,Apr,16,14,Monday
20250415,2025-04-15,2025,Q2,4,Apr,16,15,Tuesday
20250416,2025-04-16,2025,Q2,4,Apr,16,16,Wednesday
20250417,2025-04-17,2025,Q2,4,Apr,16,17,Thursday
20250418,2025-04-18,2025,Q2,4,Apr,16,18,Friday
20250419,2025-04-19,2025,Q2,4,Apr,16,19,Saturday
20250420,2025-04-20,2025,Q2,4,Apr,16,20,Sunday
20250421,2025-04-21,2025,Q2,4,Apr,17,21,Monday
20250422,2025-04-22,2025,Q2,4,Apr,17,22,Tuesday
20250423,2025-04-23,2025,Q2,4,Apr,17,23,Wednesday
20250424,2025-04-24,2025,Q2,4,Apr,17,24,Thursday
20250425,2025-04-25,2025,Q2,4,Apr,17,25,Friday
20250426,2025-04-26,2025,Q2,4,Apr,17,26,Saturday
20250427,2025-04-27,2025,Q2,4,Apr,17,27,Sunday
20250428,2025-04-28,2025,Q2,4,Apr,18,28,Monday
20250429,2025-04-29,2025,Q2,4,Apr,18,29,Tuesday
20250430,2025-04-30,2025,Q2,4,Apr,18,30,Wednesday
20250501,2025-05-01,2025,Q2,5,May,18,1,Thursday
20250502,2025-05-02,2025,Q2,5,May,18,2,Friday
20250503,2025-05-03,2025,Q2,5,May,18,3,Saturday
20250504,2025-05-04,2025,Q2,5,May,18,4,Sunday
20250505,2025-05-05,2025,Q2,5,May,19,5,Monday
20250506,2025-05-06,2025,Q2,5,May,19,6,Tuesday
20250507,2025-05-07,2025,Q2,5,May,19,7,Wednesday
20250508,2025-05-08,2025,Q2,5,May,19,8,Thursday
20250509,2025-05-09,2025,Q2,5,May,19,9,Friday
20250510,2025-05-10,2025,Q2,5,May,19,10,Saturday
20250511,2025-05-11,2025,Q2,5,May,19,11,Sunday
20250512,2025-05-12,2025,Q2,5,May,20,12,Monday
20250513,2025-05-13,2025,Q2,5,May,20,13,Tuesday
20250514,2025-05-14,2025,Q2,5,May,20,14,Wednesday
20250515,2025-05-15,2025,Q2,5,May,20,15,Thursday
20250516,2025-05-16,2025,Q2,5,May,20,16,Friday
20250517,2025-05-17,2025,Q2,5,May,20,17,Saturday
20250518,2025-05-18,2025,Q2,5,May,20,18,Sunday
20250519,2025-05-19,2025,Q2,5,May,21,19,Monday
20250520,2025-05-20,2025,Q2,5,May,21,20,Tuesday
20250521,2025-05-21,2025,Q2,5,May,21,21,Wednesday
20250522,2025-05-22,2025,Q2,5,May,21,22,Thursday
20250523,2025-05-23,2025,Q2,5,May,21,23,Friday
20250524,2025-05-24,2025,Q2,5,May,21,24,Saturday
20250525,2025-05-25,2025,Q2,5,May,21,25,Sunday
20250526,2025-05-26,2025,Q2,5,May,22,26,Monday
20250527,2025-05-27,2025,Q2,5,May,22,27,Tuesday
20250528,2025-05-28,2025,Q2,5,May,22,28,Wednesday
20250529,2025-05-29,2025,Q2,5,May,22,29,Thursday
20250530,2025-05-30,2025,Q2,5,May,22,30,Friday
20250531,2025-05-31,2025,Q2,5,May,22,31,Saturday
20250601,2025-06-01,2025,Q2,6,Jun,22,1,Sunday
20250602,2025-06-02,2025,Q2,6,Jun,23,2,Monday
20250603,2025-06-03,2025,Q2,6,Jun,23,3,Tuesday
20250604,2025-06-04,2025,Q2,6,Jun,23,4,Wednesday
20250605,2025-06-05,2025,Q2,6,Jun,23,5,Thursday
20250606,2025-06-06,2025,Q2,6,Jun,23,6,Friday
20250607,2025-06-07,2025,Q2,6,Jun,23,7,Saturday
20250608,2025-06-08,2025,Q2,6,Jun,23,8,Sunday
20250609,2025-06-09,2025,Q2,6,Jun,24,9,Monday
20250610,2025-06-10,2025,Q2,6,Jun,24,10,Tuesday
20250611,2025-06-11,2025,Q2,6,Jun,24,11,Wednesday
20250612,2025-06-12,2025,Q2,6,Jun,24,12,Thursday
20250613,2025-06-13,2025,Q2,6,Jun,24,13,Friday
20250614,2025-06-14,2025,Q2,6,Jun,24,14,Saturday
20250615,2025-06-15,2025,Q2,6,Jun,24,15,Sunday
20250616,2025-06-16,2025,Q2,6,Jun,25,16,Monday
20250617,2025-06-17,2025,Q2,6,Jun,25,17,Tuesday
20250618,2025-06-18,2025,Q2,6,Jun,25,18,Wednesday
20250619,2025-06-19,2025,Q2,6,Jun,25,19,Thursday
20250620,2025-06-20,2025,Q2,6,Jun,25,20,Friday
20250621,2025-06-21,2025,Q2,6,Jun,25,21,Saturday
20250622,2025-06-22,2025,Q2,6,Jun,25,22,Sunday
20250623,2025-06-23,2025,Q2,6,Jun,26,23,Monday
20250624,2025-06-24,2025,Q2,6,Jun,26,24,Tuesday
20250625,2025-06-25,2025,Q2,6,Jun,26,25,Wednesday
20250626,2025-06-26,2025,Q2,6,Jun,26,26,Thursday
20250627,2025-06-27,2025,Q2,6,Jun,26,27,Friday
20250628,2025-06-28,2025,Q2,6,Jun,26,28,Saturday
20250629,2025-06-29,2025,Q2,6,Jun,26,29,Sunday
20250630,2025-06-30,2025,Q2,6,Jun,27,30,Monday
20250701,2025-07-01,2025,Q3,7,Jul,27,1,Tuesday
20250702,2025-07-02,2025,Q3,7,Jul,27,2,Wednesday
20250703,2025-07-03,2025,Q3,7,Jul,27,3,Thursday
20250704,2025-07-04,2025,Q3,7,Jul,27,4,Friday
20250705,2025-07-05,2025,Q3,7,Jul,27,5,Saturday
20250706,2025-07-06,2025,Q3,7,Jul,27,6,Sunday
20250707,2025-07-07,2025,Q3,7,Jul,28,7,Monday
20250708,2025-07-08,2025,Q3,7,Jul,28,8,Tuesday
20250709,2025-07-09,2025,Q3,7,Jul,28,9,Wednesday
20250710,2025-07-10,2025,Q3,7,Jul,28,10,Thursday
20250711,2025-07-11,2025,Q3,7,Jul,28,11,Friday
20250712,2025-07-12,2025,Q3,7,Jul,28,12,Saturday
20250713,2025-07-13,2025,Q3,7,Jul,28,13,Sunday
20250714,2025-07-14,2025,Q3,7,Jul,29,14,Monday
20250715,2025-07-15,2025,Q3,7,Jul,29,15,Tuesday
20250716,2025-07-16,2025,Q3,7,Jul,29,16,Wednesday
20250717,2025-07-17,2025,Q3,7,Jul,29,17,Thursday
20250718,2025-07-18,2025,Q3,7,Jul,29,18,Friday
20250719,2025-07-19,2025,Q3,7,Jul,29,19,Saturday
20250720,2025-07-20,2025,Q3,7,Jul,29,20,Sunday
20250721,2025-07-21,2025,Q3,7,Jul,30,21,Monday
20250722,2025-07-22,2025,Q3,7,Jul,30,22,Tuesday
20250723,2025-07-23,2025,Q3,7,Jul,30,23,Wednesday
20250724,2025-07-24,2025,Q3,7,Jul,30,24,Thursday
20250725,2025-07-25,2025,Q3,7,Jul,30,25,Friday
20250726,2025-07-26,2025,Q3,7,Jul,30,26,Saturday
20250727,2025-07-27,2025,Q3,7,Jul,30,27,Sunday
20250728,2025-07-28,2025,Q3,7,Jul,31,28,Monday
20250729,2025-07-29,2025,Q3,7,Jul,31,29,Tuesday
20250730,2025-07-30,2025,Q3,7,Jul,31,30,Wednesday
20250731,2025-07-31,2025,Q3,7,Jul,31,31,Thursday
20250801,2025-08-01,2025,Q3,8,Aug,31,1,Friday
20250802,2025-08-02,2025,Q3,8,Aug,31,2,Saturday
20250803,2025-08-03,2025,Q3,8,Aug,31,3,Sunday
20250804,2025-08-04,2025,Q3,8,Aug,32,4,Monday
20250805,2025-08-05,2025,Q3,8,Aug,32,5,Tuesday
20250806,2025-08-06,2025,Q3,8,Aug,32,6,Wednesday
20250807,2025-08-07,2025,Q3,8,Aug,32,7,Thursday
20250808,2025-08-08,2025,Q3,8,Aug,32,8,Friday
20250809,2025-08-09,2025,Q3,8,Aug,32,9,Saturday
20250810,2025-08-10,2025,Q3,8,Aug,32,10,Sunday
20250811,2025-08-11,2025,Q3,8,Aug,33,11,Monday
20250812,2025-08-12,2025,Q3,8,Aug,33,12,Tuesday
20250813,2025-08-13,2025,Q3,8,Aug,33,13,Wednesday
20250814,2025-08-14,2025,Q3,8,Aug,33,14,Thursday
20250815,2025-08-15,2025,Q3,8,Aug,33,15,Friday
20250816,2025-08-16,2025,Q3,8,Aug,33,16,Saturday
20250817,2025-08-17,2025,Q3,8,Aug,33,17,Sunday
20250818,2025-08-18,2025,Q3,8,Aug,34,18,Monday
20250819,2025-08-19,2025,Q3,8,Aug,34,19,Tuesday
20250820,2025-08-20,2025,Q3,8,Aug,34,20,Wednesday
20250821,2025-08-21,2025,Q3,8,Aug,34,21,Thursday
20250822,2025-08-22,2025,Q3,8,Aug,34,22,Friday
20250823,2025-08-23,2025,Q3,8,Aug,34,23,Saturday
20250824,2025-08-24,2025,Q3,8,Aug,34,24,Sunday
20250825,2025-08-25,2025,Q3,8,Aug,35,25,Monday
20250826,2025-08-26,2025,Q3,8,Aug,35,26,Tuesday
20250827,2025-08-27,2025,Q3,8,Aug,35,27,Wednesday
20250828,2025-08-28,2025,Q3,8,Aug,35,28,Thursday
20250829,2025-08-29,2025,Q3,8,Aug,35,29,Friday
20250830,2025-08-30,2025,Q3,8,Aug,35,30,Saturday
20250831,2025-08-31,2025,Q3,8,Aug,35,31,Sunday
20250901,2025-09-01,2025,Q3,9,Sep,36,1,Monday
20250902,2025-09-02,2025,Q3,9,Sep,36,2,Tuesday
20250903,2025-09-03,2025,Q3,9,Sep,36,3,Wednesday
20250904,2025-09-04,2025,Q3,9,Sep,36,4,Thursday
20250905,2025-09-05,2025,Q3,9,Sep,36,5,Friday
20250906,2025-09-06,2025,Q3,9,Sep,36,6,Saturday
20250907,2025-09-07,2025,Q3,9,Sep,36,7,Sunday
20250908,2025-09-08,2025,Q3,9,Sep,37,8,Monday
20250909,2025-09-09,2025,Q3,9,Sep,37,9,Tuesday
20250910,2025-09-10,2025,Q3,9,Sep,37,10,Wednesday
20250911,2025-09-11,2025,Q3,9,Sep,37,11,Thursday
20250912,2025-09-12,2025,Q3,9,Sep,37,12,Friday
20250913,2025-09-13,2025,Q3,9,Sep,37,13,Saturday
20250914,2025-09-14,2025,Q3,9,Sep,37,14,Sunday
20250915,2025-09-15,2025,Q3,9,Sep,38,15,Monday
20250916,2025-09-16,2025,Q3,9,Sep,38,16,Tuesday
20250917,2025-09-17,2025,Q3,9,Sep,38,17,Wednesday
20250918,2025-09-18,2025,Q3,9,Sep,38,18,Thursday
20250919,2025-09-19,2025,Q3,9,Sep,38,19,Friday
20250920,2025-09-20,2025,Q3,9,Sep,38,20,Saturday
20250921,2025-09-21,2025,Q3,9,Sep,38,21,Sunday
20250922,2025-09-22,2025,Q3,9,Sep,39,22,Monday
20250923,2025-09-23,2025,Q3,9,Sep,39,23,Tuesday
20250924,2025-09-24,2025,Q3,9,Sep,39,24,Wednesday
20250925,2025-09-25,2025,Q3,9,Sep,39,25,Thursday
20250926,2025-09-26,2025,Q3,9,Sep,39,26,Friday
20250927,2025-09-27,2025,Q3,9,Sep,39,27,Saturday
20250928,2025-09-28,2025,Q3,9,Sep,39,28,Sunday
20250929,2025-09-29,2025,Q3,9,Sep,40,29,Monday
20250930,2025-09-30,2025,Q3,9,Sep,40,30,Tuesday
20251001,2025-10-01,2025,Q4,10,Oct,40,1,Wednesday
20251002,2025-10-02,2025,Q4,10,Oct,40,2,Thursday
20251003,2025-10-03,2025,Q4,10,Oct,40,3,Friday
20251004,2025-10-04,2025,Q4,10,Oct,40,4,Saturday
20251005,2025-10-05,2025,Q4,10,Oct,40,5,Sunday
20251006,2025-10-06,2025,Q4,10,Oct,41,6,Monday
20251007,2025-10-07,2025,Q4,10,Oct,41,7,Tuesday
20251008,2025-10-08,2025,Q4,10,Oct,41,8,Wednesday
20251009,2025-10-09,2025,Q4,10,Oct,41,9,Thursday
20251010,2025-10-10,2025,Q4,10,Oct,41,10,Friday
20251011,2025-10-11,2025,Q4,10,Oct,41,11,Saturday
20251012,2025-10-12,2025,Q4,10,Oct,41,12,Sunday
20251013,2025-10-13,2025,Q4,10,Oct,42,13,Monday
20251014,2025-10-14,2025,Q4,10,Oct,42,14,Tuesday
20251015,2025-10-15,2025,Q4,10,Oct,42,15,Wednesday
20251016,2025-10-16,2025,Q4,10,Oct,42,16,Thursday
20251017,2025-10-17,2025,Q4,10,Oct,42,17,Friday
20251018,2025-10-18,2025,Q4,10,Oct,42,18,Saturday
20251019,2025-10-19,2025,Q4,10,Oct,42,19,Sunday
20251020,2025-10-20,2025,Q4,10,Oct,43,20,Monday
20251021,2025-10-21,2025,Q4,10,Oct,43,21,Tuesday
20251022,2025-10-22,2025,Q4,10,Oct,43,22,Wednesday
20251023,2025-10-23,2025,Q4,10,Oct,43,23,Thursday
20251024,2025-10-24,2025,Q4,10,Oct,43,24,Friday
20251025,2025-10-25,2025,Q4,10,Oct,43,25,Saturday
20251026,2025-10-26,2025,Q4,10,Oct,43,26,Sunday
20251027,2025-10-27,2025,Q4,10,Oct,44,27,Monday
20251028,2025-10-28,2025,Q4,10,Oct,44,28,Tuesday
20251029,2025-10-29,2025,Q4,10,Oct,44,29,Wednesday
20251030,2025-10-30,2025,Q4,10,Oct,44,30,Thursday
20251031,2025-10-31,2025,Q4,10,Oct,44,31,Friday
20251101,2025-11-01,2025,Q4,11,Nov,44,1,Saturday
20251102,2025-11-02,2025,Q4,11,Nov,44,2,Sunday
20251103,2025-11-03,2025,Q4,11,Nov,45,3,Monday
20251104,2025-11-04,2025,Q4,11,Nov,45,4,Tuesday
20251105,2025-11-05,2025,Q4,11,Nov,45,5,Wednesday
20251106,2025-11-06,2025,Q4,11,Nov,45,6,Thursday
20251107,2025-11-07,2025,Q4,11,Nov,45,7,Friday
20251108,2025-11-08,2025,Q4,11,Nov,45,8,Saturday
20251109,2025-11-09,2025,Q4,11,Nov,45,9,Sunday
20251110,2025-11-10,2025,Q4,11,Nov,46,10,Monday
20251111,2025-11-11,2025,Q4,11,Nov,46,11,Tuesday
20251112,2025-11-12,2025,Q4,11,Nov,46,12,Wednesday
20251113,2025-11-13,2025,Q4,11,Nov,46,13,Thursday
20251114,2025-11-14,2025,Q4,11,Nov,46,14,Friday
20251115,2025-11-15,2025,Q4,11,Nov,46,15,Saturday
20251116,2025-11-16,2025,Q4,11,Nov,46,16,Sunday
20251117,2025-11-17,2025,Q4,11,Nov,47,17,Monday
20251118,2025-11-18,2025,Q4,11,Nov,47,18,Tuesday
20251119,2025-11-19,2025,Q4,11,Nov,47,19,Wednesday
20251120,2025-11-20,2025,Q4,11,Nov,47,20,Thursday
20251121,2025-11-21,2025,Q4,11,Nov,47,21,Friday
20251122,2025-11-22,2025,Q4,11,Nov,47,22,Saturday
20251123,2025-11-23,2025,Q4,11,Nov,47,23,Sunday
20251124,2025-11-24,2025,Q4,11,Nov,48,24,Monday
20251125,2025-11-25,2025,Q4,11,Nov,48,25,Tuesday
20251126,2025-11-26,2025,Q4,11,Nov,48,26,Wednesday
20251127,2025-11-27,2025,Q4,11,Nov,48,27,Thursday
20251128,2025-11-28,2025,Q4,11,Nov,48,28,Friday
20251129,2025-11-29,2025,Q4,11,Nov,48,29,Saturday
20251130,2025-11-30,2025,Q4,11,Nov,48,30,Sunday
20251201,2025-12-01,2025,Q4,12,Dec,49,1,Monday
20251202,2025-12-02,2025,Q4,12,Dec,49,2,Tuesday
20251203,2025-12-03,2025,Q4,12,Dec,49,3,Wednesday
20251204,2025-12-04,2025,Q4,12,Dec,49,4,Thursday
20251205,2025-12-05,2025,Q4,12,Dec,49,5,Friday
20251206,2025-12-06,2025,Q4,12,Dec,49,6,Saturday
20251207,2025-12-07,2025,Q4,12,Dec,49,7,Sunday
20251208,2025-12-08,2025,Q4,12,Dec,50,8,Monday
20251209,2025-12-09,2025,Q4,12,Dec,50,9,Tuesday
20251210,2025-12-10,2025,Q4,12,Dec,50,10,Wednesday
20251211,2025-12-11,2025,Q4,12,Dec,50,11,Thursday
20251212,2025-12-12,2025,Q4,12,Dec,50,12,Friday
20251213,2025-12-13,2025,Q4,12,Dec,50,13,Saturday
20251214,2025-12-14,2025,Q4,12,Dec,50,14,Sunday
20251215,2025-12-15,2025,Q4,12,Dec,51,15,Monday
20251216,2025-12-16,2025,Q4,12,Dec,51,16,Tuesday
20251217,2025-12-17,2025,Q4,12,Dec,51,17,Wednesday
20251218,2025-12-18,2025,Q4,12,Dec,51,18,Thursday
20251219,2025-12-19,2025,Q4,12,Dec,51,19,Friday
20251220,2025-12-20,2025,Q4,12,Dec,51,20,Saturday
20251221,2025-12-21,2025,Q4,12,Dec,51,21,Sunday
20251222,2025-12-22,2025,Q4,12,Dec,52,22,Monday
20251223,2025-12-23,2025,Q4,12,Dec,52,23,Tuesday
20251224,2025-12-24,2025,Q4,12,Dec,52,24,Wednesday
20251225,2025-12-25,2025,Q4,12,Dec,52,25,Thursday
20251226,2025-12-26,2025,Q4,12,Dec,52,26,Friday
20251227,2025-12-27,2025,Q4,12,Dec,52,27,Saturday
20251228,2025-12-28,2025,Q4,12,Dec,52,28,Sunday
20251229,2025-12-29,2025,Q4,12,Dec,1,29,Monday
20251230,2025-12-30,2025,Q4,12,Dec,1,30,Tuesday
