return_id,order_id,return_reason,refund_amount,return_date
RET0002836,ORD0002836,wrong_size,278.31,2026-01-28
RET0003470,ORD0003470,late_delivery,1704.1,2026-01-28
RET0003998,ORD0003998,not_as_described,172.18,2026-01-30
RET0000307,ORD0000307,late_delivery,920.26,2026-01-31
RET0002516,ORD0002516,late_delivery,889.22,2026-02-03
RET0002598,ORD0002598,late_delivery,382.47,2026-02-03
RET0000661,ORD0000661,not_as_described,354.06,2026-02-04
RET0003881,ORD0003881,not_as_described,584.45,2026-02-04
RET0000513,ORD0000513,damaged,1199.0,2026-02-05
RET0001052,ORD0001052,not_as_described,1364.83,2026-02-05
RET0002248,ORD0002248,late_delivery,646.64,2026-02-05
RET0000359,ORD0000359,damaged,56.61,2026-02-06
RET0003749,ORD0003749,late_delivery,1919.96,2026-02-07
RET0000123,ORD0000123,wrong_size,512.98,2026-02-08
RET0003595,ORD0003595,late_delivery,701.1,2026-02-08
RET0000652,ORD0000652,wrong_size,1323.44,2026-02-09
RET0000896,ORD0000896,not_as_described,2138.32,2026-02-09
RET0002578,ORD0002578,damaged,717.12,2026-02-10
RET0003557,ORD0003557,not_as_described,75.18,2026-02-10
RET0003990,ORD0003990,late_delivery,145.45,2026-02-10
RET0000409,ORD0000409,not_as_described,558.98,2026-02-12
RET0001059,ORD0001059,wrong_size,408.13,2026-02-12
RET0001932,ORD0001932,not_as_described,596.55,2026-02-12
RET0002007,ORD0002007,wrong_size,447.31,2026-02-12
RET0003360,ORD0003360,wrong_size,54.52,2026-02-12
RET0001946,ORD0001946,not_as_described,179.68,2026-02-13
RET0000056,ORD0000056,wrong_size,1655.38,2026-02-15
RET0002155,ORD0002155,damaged,459.87,2026-02-15
RET0002856,ORD0002856,not_as_described,292.87,2026-02-15
RET0000866,ORD0000866,not_as_described,277.03,2026-02-16
RET0003671,ORD0003671,damaged,1235.31,2026-02-16
RET0002256,ORD0002256,damaged,67.38,2026-02-17
RET0002421,ORD0002421,not_as_described,1701.01,2026-02-17
RET0000800,ORD0000800,late_delivery,172.24,2026-02-18
RET0001109,ORD0001109,damaged,158.87,2026-02-18
RET0003506,ORD0003506,wrong_size,205.43,2026-02-18
RET0001548,ORD0001548,not_as_described,1417.63,2026-02-19
RET0001727,ORD0001727,late_delivery,438.76,2026-02-19
RET0002923,ORD0002923,wrong_size,447.04,2026-02-19
RET0003114,ORD0003114,damaged,1023.88,2026-02-19
RET0003529,ORD0003529,damaged,694.54,2026-02-19
RET0003540,ORD0003540,not_as_described,1865.38,2026-02-19
RET0002654,ORD0002654,damaged,307.94,2026-02-21
RET0003166,ORD0003166,not_as_described,236.98,2026-02-21
RET0003985,ORD0003985,damaged,911.56,2026-02-21
RET0001305,ORD0001305,damaged,227.36,2026-02-22
RET0001593,ORD0001593,wrong_size,750.61,2026-02-22
RET0003340,ORD0003340,late_delivery,1638.78,2026-02-22
RET0000266,ORD0000266,damaged,572.99,2026-02-23
RET0001607,ORD0001607,not_as_described,56.22,2026-02-23
RET0001996,ORD0001996,damaged,623.04,2026-02-23
RET0002548,ORD0002548,damaged,2669.45,2026-02-23
RET0002824,ORD0002824,late_delivery,874.41,2026-02-23
RET0003467,ORD0003467,late_delivery,148.1,2026-02-23
RET0000905,ORD0000905,damaged,983.67,2026-02-24
RET0003754,ORD0003754,not_as_described,929.43,2026-02-24
RET0000301,ORD0000301,late_delivery,1506.59,2026-02-25
RET0000847,ORD0000847,not_as_described,335.92,2026-02-25
RET0001904,ORD0001904,damaged,662.24,2026-02-25
RET0002025,ORD0002025,wrong_size,334.35,2026-02-25
RET0002432,ORD0002432,not_as_described,435.95,2026-02-25
RET0000115,ORD0000115,late_delivery,346.56,2026-02-26
RET0003896,ORD0003896,wrong_size,845.87,2026-02-26
RET0000134,ORD0000134,not_as_described,309.77,2026-02-27
RET0001962,ORD0001962,wrong_size,332.99,2026-02-27
RET0003912,ORD0003912,not_as_described,661.04,2026-02-27
RET0003337,ORD0003337,late_delivery,916.76,2026-02-28
RET0003853,ORD0003853,not_as_described,664.73,2026-02-28
RET0002599,ORD0002599,late_delivery,491.61,2026-03-01
RET0003328,ORD0003328,late_delivery,520.46,2026-03-01
RET0000694,ORD0000694,late_delivery,911.58,2026-03-02
RET0001166,ORD0001166,not_as_described,1094.34,2026-03-02
RET0001552,ORD0001552,not_as_described,861.83,2026-03-02
RET0003492,ORD0003492,not_as_described,581.58,2026-03-02
RET0000046,ORD0000046,not_as_described,492.21,2026-03-03
RET0000592,ORD0000592,wrong_size,1016.33,2026-03-03
RET0001730,ORD0001730,not_as_described,726.75,2026-03-03
RET0002065,ORD0002065,damaged,1584.09,2026-03-03
RET0002937,ORD0002937,not_as_described,296.81,2026-03-03
RET0002226,ORD0002226,late_delivery,734.72,2026-03-04
RET0003280,ORD0003280,not_as_described,1192.12,2026-03-04
RET0003482,ORD0003482,damaged,922.94,2026-03-04
RET0003592,ORD0003592,wrong_size,461.61,2026-03-04
RET0000775,ORD0000775,wrong_size,1393.26,2026-03-05
RET0001015,ORD0001015,wrong_size,165.15,2026-03-05
RET0003029,ORD0003029,late_delivery,512.64,2026-03-05
RET0003450,ORD0003450,late_delivery,223.8,2026-03-05
RET0001806,ORD0001806,late_delivery,251.63,2026-03-06
RET0002477,ORD0002477,damaged,451.31,2026-03-06
RET0003641,ORD0003641,late_delivery,208.49,2026-03-06
RET0001419,ORD0001419,not_as_described,2302.23,2026-03-07
RET0001845,ORD0001845,late_delivery,483.91,2026-03-07
RET0003343,ORD0003343,late_delivery,423.36,2026-03-07
RET0003536,ORD0003536,late_delivery,698.6,2026-03-07
RET0001278,ORD0001278,late_delivery,687.87,2026-03-08
RET0001918,ORD0001918,not_as_described,816.13,2026-03-08
RET0002948,ORD0002948,wrong_size,605.44,2026-03-08
RET0003606,ORD0003606,not_as_described,1595.99,2026-03-08
RET0000910,ORD0000910,not_as_described,678.78,2026-03-09
RET0001439,ORD0001439,damaged,36.47,2026-03-09
RET0003624,ORD0003624,wrong_size,829.82,2026-03-09
RET0000974,ORD0000974,wrong_size,1635.66,2026-03-10
RET0001383,ORD0001383,late_delivery,1307.37,2026-03-10
RET0003236,ORD0003236,damaged,242.47,2026-03-10
RET0000086,ORD0000086,wrong_size,383.61,2026-03-11
RET0000588,ORD0000588,damaged,286.75,2026-03-11
RET0002089,ORD0002089,damaged,771.36,2026-03-11
RET0002518,ORD0002518,damaged,340.24,2026-03-12
RET0002914,ORD0002914,wrong_size,1225.43,2026-03-12
RET0003368,ORD0003368,wrong_size,557.65,2026-03-12
RET0002265,ORD0002265,late_delivery,237.4,2026-03-13
RET0003665,ORD0003665,late_delivery,708.58,2026-03-13
RET0001155,ORD0001155,late_delivery,746.42,2026-03-14
RET0001224,ORD0001224,not_as_described,373.69,2026-03-14
RET0001921,ORD0001921,late_delivery,512.8,2026-03-14
RET0002751,ORD0002751,not_as_described,702.75,2026-03-14
RET0000381,ORD0000381,late_delivery,302.42,2026-03-15
RET0000824,ORD0000824,wrong_size,2359.15,2026-03-15
RET0000944,ORD0000944,wrong_size,1170.5,2026-03-15
RET0001336,ORD0001336,damaged,1344.18,2026-03-15
RET0003387,ORD0003387,late_delivery,643.3,2026-03-15
RET0000165,ORD0000165,wrong_size,2700.64,2026-03-16
RET0001328,ORD0001328,not_as_described,132.0,2026-03-16
RET0001659,ORD0001659,damaged,364.97,2026-03-16
RET0002658,ORD0002658,late_delivery,255.41,2026-03-16
RET0003788,ORD0003788,not_as_described,313.0,2026-03-16
RET0003807,ORD0003807,damaged,350.05,2026-03-16
RET0001316,ORD0001316,wrong_size,1229.19,2026-03-17
RET0001533,ORD0001533,late_delivery,224.89,2026-03-17
RET0003272,ORD0003272,not_as_described,298.57,2026-03-17
RET0000376,ORD0000376,late_delivery,668.73,2026-03-18
RET0000638,ORD0000638,damaged,1879.12,2026-03-18
RET0000714,ORD0000714,damaged,317.88,2026-03-18
RET0001969,ORD0001969,late_delivery,121.79,2026-03-18
RET0002131,ORD0002131,wrong_size,379.24,2026-03-18
RET0000693,ORD0000693,late_delivery,1323.9,2026-03-19
RET0001937,ORD0001937,damaged,1563.8,2026-03-19
RET0002933,ORD0002933,damaged,681.82,2026-03-19
RET0003348,ORD0003348,late_delivery,627.72,2026-03-19
RET0001055,ORD0001055,late_delivery,88.15,2026-03-20
RET0001307,ORD0001307,wrong_size,846.46,2026-03-20
RET0002553,ORD0002553,not_as_described,56.41,2026-03-20
RET0003674,ORD0003674,not_as_described,1975.5,2026-03-20
RET0000183,ORD0000183,wrong_size,1056.52,2026-03-21
RET0000826,ORD0000826,not_as_described,922.21,2026-03-21
RET0000549,ORD0000549,damaged,695.1,2026-03-22
RET0000659,ORD0000659,late_delivery,343.92,2026-03-22
RET0001608,ORD0001608,late_delivery,306.22,2026-03-22
RET0002121,ORD0002121,late_delivery,1242.98,2026-03-22
RET0002523,ORD0002523,damaged,1681.79,2026-03-22
RET0002846,ORD0002846,damaged,534.84,2026-03-22
RET0003687,ORD0003687,not_as_described,1029.91,2026-03-22
RET0001701,ORD0001701,late_delivery,242.46,2026-03-23
RET0002776,ORD0002776,late_delivery,1231.93,2026-03-23
RET0002879,ORD0002879,damaged,593.5,2026-03-23
RET0003036,ORD0003036,late_delivery,704.96,2026-03-23
RET0000805,ORD0000805,damaged,1027.43,2026-03-24
RET0000979,ORD0000979,wrong_size,241.18,2026-03-24
RET0002179,ORD0002179,wrong_size,129.78,2026-03-24
RET0000384,ORD0000384,damaged,773.59,2026-03-25
RET0001162,ORD0001162,late_delivery,285.35,2026-03-25
RET0001399,ORD0001399,damaged,478.29,2026-03-25
RET0002140,ORD0002140,damaged,771.91,2026-03-25
RET0002726,ORD0002726,not_as_described,1244.25,2026-03-25
RET0003827,ORD0003827,damaged,751.74,2026-03-25
RET0000279,ORD0000279,damaged,48.93,2026-03-27
RET0001215,ORD0001215,not_as_described,2073.11,2026-03-27
RET0002533,ORD0002533,late_delivery,356.13,2026-03-27
RET0002709,ORD0002709,damaged,263.86,2026-03-27
RET0002715,ORD0002715,not_as_described,573.11,2026-03-27
RET0003398,ORD0003398,late_delivery,612.86,2026-03-27
RET0000218,ORD0000218,wrong_size,121.38,2026-03-28
RET0000721,ORD0000721,not_as_described,616.05,2026-03-28
RET0000991,ORD0000991,not_as_described,170.79,2026-03-28
RET0001896,ORD0001896,damaged,2043.95,2026-03-28
RET0002016,ORD0002016,late_delivery,447.78,2026-03-28
RET0002250,ORD0002250,damaged,743.98,2026-03-28
RET0002850,ORD0002850,not_as_described,512.94,2026-03-28
RET0002867,ORD0002867,late_delivery,272.84,2026-03-28
RET0002965,ORD0002965,wrong_size,1563.16,2026-03-28
RET0000903,ORD0000903,wrong_size,323.52,2026-03-29
RET0001535,ORD0001535,not_as_described,393.42,2026-03-29
RET0002609,ORD0002609,wrong_size,315.53,2026-03-29
RET0000862,ORD0000862,wrong_size,278.96,2026-03-30
RET0002009,ORD0002009,not_as_described,705.24,2026-03-30
RET0003009,ORD0003009,damaged,875.97,2026-03-30
RET0003664,ORD0003664,not_as_described,1175.73,2026-03-30
RET0000407,ORD0000407,wrong_size,1338.14,2026-03-31
RET0001240,ORD0001240,late_delivery,363.18,2026-03-31
RET0001392,ORD0001392,late_delivery,328.02,2026-03-31
RET0002173,ORD0002173,not_as_described,1382.37,2026-03-31
RET0000190,ORD0000190,not_as_described,245.35,2026-04-01
RET0000328,ORD0000328,damaged,215.25,2026-04-01
RET0001477,ORD0001477,damaged,606.09,2026-04-01
RET0001647,ORD0001647,wrong_size,858.76,2026-04-01
RET0001809,ORD0001809,wrong_size,1998.03,2026-04-01
RET0002102,ORD0002102,damaged,1136.82,2026-04-01
RET0003462,ORD0003462,wrong_size,361.03,2026-04-01
RET0003494,ORD0003494,wrong_size,1361.59,2026-04-01
RET0003648,ORD0003648,damaged,1100.77,2026-04-01
RET0003682,ORD0003682,not_as_described,40.47,2026-04-01
RET0001690,ORD0001690,late_delivery,252.65,2026-04-02
RET0001736,ORD0001736,wrong_size,217.1,2026-04-02
RET0003077,ORD0003077,damaged,745.01,2026-04-02
RET0000891,ORD0000891,not_as_described,1016.88,2026-04-03
RET0003204,ORD0003204,wrong_size,761.9,2026-04-03
RET0003407,ORD0003407,late_delivery,362.26,2026-04-03
RET0003971,ORD0003971,not_as_described,90.44,2026-04-03
RET0000952,ORD0000952,wrong_size,8.6,2026-04-04
RET0001908,ORD0001908,wrong_size,1327.11,2026-04-04
RET0002815,ORD0002815,damaged,1172.12,2026-04-04
RET0003103,ORD0003103,late_delivery,1307.32,2026-04-04
RET0003126,ORD0003126,damaged,1043.23,2026-04-04
RET0003406,ORD0003406,damaged,1261.85,2026-04-04
RET0003729,ORD0003729,not_as_described,664.61,2026-04-04
RET0001246,ORD0001246,damaged,178.75,2026-04-05
RET0002352,ORD0002352,wrong_size,307.97,2026-04-05
RET0003206,ORD0003206,late_delivery,1322.05,2026-04-05
RET0001233,ORD0001233,not_as_described,185.39,2026-04-06
RET0002003,ORD0002003,late_delivery,74.8,2026-04-06
RET0002107,ORD0002107,damaged,1056.79,2026-04-06
RET0002455,ORD0002455,late_delivery,736.93,2026-04-06
RET0000287,ORD0000287,late_delivery,421.98,2026-04-07
RET0000508,ORD0000508,not_as_described,698.8,2026-04-07
RET0000718,ORD0000718,late_delivery,173.03,2026-04-07
RET0000081,ORD0000081,wrong_size,91.43,2026-04-08
RET0000613,ORD0000613,late_delivery,1287.4,2026-04-08
RET0001808,ORD0001808,not_as_described,66.4,2026-04-08
RET0003209,ORD0003209,not_as_described,209.49,2026-04-08
RET0003549,ORD0003549,not_as_described,613.14,2026-04-08
RET0002500,ORD0002500,late_delivery,94.19,2026-04-09
RET0003438,ORD0003438,late_delivery,1519.97,2026-04-09
RET0003707,ORD0003707,damaged,186.64,2026-04-09
RET0000486,ORD0000486,late_delivery,451.75,2026-04-10
RET0001432,ORD0001432,damaged,10.97,2026-04-10
RET0001669,ORD0001669,late_delivery,1945.65,2026-04-10
RET0002163,ORD0002163,wrong_size,754.15,2026-04-10
RET0003690,ORD0003690,damaged,595.41,2026-04-10
RET0000353,ORD0000353,wrong_size,2231.27,2026-04-12
RET0001388,ORD0001388,not_as_described,273.72,2026-04-12
RET0001997,ORD0001997,not_as_described,369.38,2026-04-12
RET0002745,ORD0002745,damaged,861.71,2026-04-12
RET0003161,ORD0003161,wrong_size,2494.49,2026-04-12
RET0002255,ORD0002255,late_delivery,101.31,2026-04-13
RET0003046,ORD0003046,not_as_described,282.78,2026-04-13
RET0003552,ORD0003552,late_delivery,435.76,2026-04-13
RET0000334,ORD0000334,late_delivery,2637.04,2026-04-14
RET0000347,ORD0000347,damaged,603.37,2026-04-14
RET0001733,ORD0001733,damaged,275.6,2026-04-14
RET0000031,ORD0000031,wrong_size,369.77,2026-04-15
RET0000968,ORD0000968,not_as_described,86.92,2026-04-15
RET0002192,ORD0002192,wrong_size,1535.42,2026-04-15
RET0002964,ORD0002964,not_as_described,1409.82,2026-04-15
RET0003108,ORD0003108,late_delivery,326.69,2026-04-15
RET0000902,ORD0000902,damaged,11.57,2026-04-16
RET0001125,ORD0001125,not_as_described,1602.96,2026-04-16
RET0001872,ORD0001872,not_as_described,1467.38,2026-04-16
RET0003341,ORD0003341,wrong_size,176.61,2026-04-16
RET0003855,ORD0003855,not_as_described,1646.36,2026-04-16
RET0001113,ORD0001113,damaged,1241.0,2026-04-17
RET0001694,ORD0001694,wrong_size,1116.11,2026-04-17
RET0001783,ORD0001783,wrong_size,925.18,2026-04-17
RET0002810,ORD0002810,late_delivery,1063.9,2026-04-17
RET0003030,ORD0003030,damaged,363.9,2026-04-17
RET0003180,ORD0003180,damaged,83.87,2026-04-17
RET0001076,ORD0001076,late_delivery,1039.0,2026-04-18
RET0000119,ORD0000119,damaged,280.14,2026-04-19
RET0000239,ORD0000239,not_as_described,48.27,2026-04-19
RET0000925,ORD0000925,not_as_described,361.58,2026-04-19
RET0001391,ORD0001391,not_as_described,1296.49,2026-04-19
RET0002969,ORD0002969,damaged,684.06,2026-04-19
RET0003911,ORD0003911,damaged,46.79,2026-04-19
RET0003942,ORD0003942,late_delivery,930.45,2026-04-19
RET0001199,ORD0001199,damaged,1583.05,2026-04-20
RET0001887,ORD0001887,late_delivery,336.63,2026-04-20
RET0001143,ORD0001143,late_delivery,1619.02,2026-04-21
RET0001696,ORD0001696,wrong_size,1306.79,2026-04-21
RET0001884,ORD0001884,wrong_size,89.59,2026-04-21
RET0002039,ORD0002039,wrong_size,626.43,2026-04-21
RET0003065,ORD0003065,not_as_described,137.25,2026-04-21
RET0003593,ORD0003593,damaged,412.41,2026-04-21
RET0001060,ORD0001060,wrong_size,353.99,2026-04-22
RET0001712,ORD0001712,damaged,698.74,2026-04-22
RET0001960,ORD0001960,damaged,413.75,2026-04-22
RET0002951,ORD0002951,late_delivery,626.78,2026-04-22
RET0001597,ORD0001597,damaged,273.84,2026-04-23
RET0001763,ORD0001763,not_as_described,320.97,2026-04-23
RET0001822,ORD0001822,wrong_size,1159.62,2026-04-23
RET0003961,ORD0003961,wrong_size,86.94,2026-04-23
RET0003986,ORD0003986,not_as_described,834.4,2026-04-23
RET0002092,ORD0002092,damaged,780.05,2026-04-24
RET0002820,ORD0002820,damaged,2038.85,2026-04-24
RET0003572,ORD0003572,not_as_described,34.34,2026-04-24
RET0003652,ORD0003652,late_delivery,1745.97,2026-04-24
RET0000504,ORD0000504,wrong_size,884.9,2026-04-25
RET0001856,ORD0001856,not_as_described,395.68,2026-04-25
RET0002886,ORD0002886,not_as_described,1225.8,2026-04-25
RET0003517,ORD0003517,damaged,149.23,2026-04-25
RET0000374,ORD0000374,late_delivery,265.26,2026-04-26
RET0001003,ORD0001003,not_as_described,920.0,2026-04-27
RET0002385,ORD0002385,late_delivery,1342.62,2026-04-27
RET0003520,ORD0003520,late_delivery,1905.12,2026-04-27
RET0003771,ORD0003771,wrong_size,501.77,2026-04-27
RET0000481,ORD0000481,not_as_described,131.77,2026-04-28
RET0002110,ORD0002110,not_as_described,89.37,2026-04-28
RET0002720,ORD0002720,late_delivery,1692.56,2026-04-28
RET0002927,ORD0002927,late_delivery,1975.81,2026-04-28
RET0003073,ORD0003073,not_as_described,2170.54,2026-04-28
RET0003703,ORD0003703,damaged,162.55,2026-04-28
RET0001075,ORD0001075,wrong_size,460.93,2026-04-29
RET0001770,ORD0001770,wrong_size,551.88,2026-04-29
RET0003111,ORD0003111,damaged,242.12,2026-04-29
RET0001190,ORD0001190,wrong_size,777.27,2026-04-30
RET0001778,ORD0001778,not_as_described,990.73,2026-04-30
RET0002503,ORD0002503,not_as_described,808.07,2026-04-30
RET0003154,ORD0003154,damaged,1491.11,2026-04-30
RET0000118,ORD0000118,late_delivery,777.9,2026-05-01
RET0000669,ORD0000669,damaged,1791.89,2026-05-01
RET0001851,ORD0001851,late_delivery,402.67,2026-05-01
RET0000211,ORD0000211,damaged,312.89,2026-05-02
RET0002014,ORD0002014,wrong_size,128.28,2026-05-02
RET0000029,ORD0000029,not_as_described,246.3,2026-05-03
RET0000383,ORD0000383,late_delivery,857.21,2026-05-03
RET0001156,ORD0001156,wrong_size,26.77,2026-05-03
RET0002237,ORD0002237,not_as_described,645.11,2026-05-03
RET0002346,ORD0002346,not_as_described,1045.93,2026-05-03
RET0001796,ORD0001796,damaged,859.55,2026-05-05
RET0000427,ORD0000427,damaged,1534.15,2026-05-06
RET0001752,ORD0001752,wrong_size,709.04,2026-05-06
RET0002404,ORD0002404,late_delivery,855.1,2026-05-06
RET0003227,ORD0003227,late_delivery,710.28,2026-05-06
RET0000100,ORD0000100,late_delivery,921.53,2026-05-07
RET0000291,ORD0000291,late_delivery,1360.9,2026-05-07
RET0001529,ORD0001529,wrong_size,16.44,2026-05-07
RET0003197,ORD0003197,late_delivery,750.74,2026-05-07
RET0003655,ORD0003655,not_as_described,902.81,2026-05-07
RET0003978,ORD0003978,damaged,360.08,2026-05-07
RET0001709,ORD0001709,not_as_described,1116.87,2026-05-08
RET0000616,ORD0000616,not_as_described,514.49,2026-05-09
RET0003338,ORD0003338,damaged,1664.75,2026-05-10
RET0000221,ORD0000221,wrong_size,1503.15,2026-05-11
RET0000345,ORD0000345,late_delivery,100.4,2026-05-11
RET0003837,ORD0003837,not_as_described,254.32,2026-05-13
RET0003653,ORD0003653,wrong_size,1321.46,2026-05-16
RET0000188,ORD0000188,not_as_described,804.55,2026-05-17
RET0003301,ORD0003301,not_as_described,618.6,2026-05-17
