customer_id,first_name,last_name,email,region,channel_preference,created_at,is_active
CUST000001,Shannon,Luna,customer1@example.com,Northeast,mobile,2025-08-28 17:25:10,True
CUST000002,Holly,Phillips,customer2@example.com,West,mobile,2025-04-29 06:53:55,True
CUST000003,Adam,Avery,customer3@example.com,Midwest,store,2025-05-10 18:53:03,True
CUST000004,Jennifer,Maldonado,customer4@example.com,Northeast,marketplace,2025-03-06 21:14:53,True
CUST000005,Caitlin,Atkins,customer5@example.com,West,marketplace,2024-11-02 10:37:04,False
CUST000006,Barbara,Martinez,customer6@example.com,Midwest,store,2024-07-20 01:08:04,True
CUST000007,Philip,Ware,customer7@example.com,Midwest,marketplace,2026-02-16 11:36:36,True
CUST000008,Kristen,Reid,customer8@example.com,Midwest,marketplace,2024-11-05 05:39:05,False
CUST000009,Cameron,Vazquez,customer9@example.com,Southeast,store,2024-09-16 20:12:31,True
CUST000010,Paul,Johnson,customer10@example.com,Southeast,mobile,2025-11-24 18:25:13,False
CUST000011,Laura,Thomas,customer11@example.com,Midwest,web,2024-06-15 20:30:18,True
CUST000012,Laurie,Rodriguez,customer12@example.com,Midwest,web,2025-12-24 17:43:37,True
CUST000013,Jeremy,Young,customer13@example.com,West,mobile,2025-02-01 06:30:03,True
CUST000014,Robert,Johnson,customer14@example.com,Midwest,marketplace,2024-05-29 15:49:49,True
CUST000015,Krista,Proctor,customer15@example.com,Midwest,web,2025-10-03 23:59:33,False
CUST000016,Donna,Mcgee,customer16@example.com,Midwest,web,2024-12-21 07:32:53,True
CUST000017,Patty,Townsend,customer17@example.com,Northeast,web,2026-04-11 11:40:48,True
CUST000018,Karen,Gomez,customer18@example.com,Southeast,mobile,2025-12-17 02:36:23,True
CUST000019,Eric,Miller,customer19@example.com,Midwest,marketplace,2026-01-23 18:55:43,True
CUST000020,George,Stevenson,customer20@example.com,West,mobile,2026-01-29 23:43:36,True
CUST000021,Eric,Mckay,customer21@example.com,West,mobile,2024-09-18 19:45:12,True
CUST000022,Timothy,Murray,customer22@example.com,Northeast,store,2025-12-27 10:59:50,True
CUST000023,Joe,Alexander,customer23@example.com,Midwest,marketplace,2025-05-29 17:55:34,True
CUST000024,Margaret,Rowland,customer24@example.com,Northeast,mobile,2024-09-09 22:14:55,False
CUST000025,Joshua,Castro,customer25@example.com,Midwest,marketplace,2025-04-24 05:52:29,False
CUST000026,Dawn,Cisneros,customer26@example.com,West,store,2025-05-11 23:34:20,True
CUST000027,Monica,Stafford,customer27@example.com,Southeast,store,2024-10-23 03:45:14,True
CUST000028,Nicholas,Sanchez,customer28@example.com,Northeast,marketplace,2025-10-14 02:21:57,True
CUST000029,Xavier,Owens,customer29@example.com,West,web,2025-05-03 13:02:49,True
CUST000030,Alice,Miller,customer30@example.com,Southeast,web,2025-10-29 08:03:00,False
CUST000031,Mercedes,Craig,customer31@example.com,Midwest,store,2025-09-15 04:55:43,True
CUST000032,Rebecca,Lawson,customer32@example.com,Northeast,marketplace,2026-02-25 09:53:30,False
CUST000033,Jeffrey,Ross,customer33@example.com,Midwest,web,2024-06-10 18:26:33,True
CUST000034,Megan,French,customer34@example.com,Southeast,mobile,2025-05-23 02:24:22,True
CUST000035,Nicole,Campbell,customer35@example.com,Northeast,mobile,2025-06-12 23:46:56,False
CUST000036,James,Douglas,customer36@example.com,Midwest,marketplace,2025-11-16 10:09:03,True
CUST000037,Juan,Meyers,customer37@example.com,Southeast,marketplace,2025-03-30 19:44:27,True
CUST000038,Wendy,Young,customer38@example.com,Northeast,store,2025-12-03 02:50:50,False
CUST000039,Bonnie,Cabrera,customer39@example.com,Midwest,mobile,2024-07-24 21:22:40,True
CUST000040,Karen,Atkinson,customer40@example.com,Northeast,marketplace,2026-04-10 23:47:59,False
CUST000041,Jesus,Gilmore,customer41@example.com,Midwest,web,2024-05-05 01:08:35,True
CUST000042,Andrew,Singh,customer42@example.com,West,web,2024-07-27 16:41:40,True
CUST000043,Cynthia,Dalton,customer43@example.com,Northeast,mobile,2025-02-16 16:00:43,False
CUST000044,Denise,Ayers,customer44@example.com,Northeast,web,2025-07-15 11:57:55,True
CUST000045,Dawn,Garcia,customer45@example.com,Northeast,store,2024-05-08 16:37:25,True
CUST000046,Nina,Bennett,customer46@example.com,West,marketplace,2025-10-21 01:41:23,True
CUST000047,Louis,Turner,customer47@example.com,West,web,2025-11-01 02:30:11,False
CUST000048,Brittany,Tapia,customer48@example.com,Northeast,mobile,2026-03-14 13:40:55,True
CUST000049,Jeff,Salazar,customer49@example.com,Southeast,web,2026-01-19 06:50:33,True
CUST000050,Michael,Bell,customer50@example.com,Northeast,store,2024-07-12 04:54:10,True
CUST000051,Andrew,Price,customer51@example.com,Southeast,marketplace,2025-03-26 08:53:53,True
CUST000052,Alexander,Jackson,customer52@example.com,Midwest,mobile,2024-07-17 07:31:46,True
CUST000053,Tanya,Boyd,customer53@example.com,Southeast,mobile,2025-03-18 04:00:46,True
CUST000054,James,Marsh,customer54@example.com,West,mobile,2025-01-01 02:00:44,True
CUST000055,Martha,Green,customer55@example.com,Southeast,web,2024-08-16 11:16:45,True
CUST000056,Alexandra,Mullins,customer56@example.com,Southeast,web,2025-12-08 04:34:41,True
CUST000057,Juan,Johnson,customer57@example.com,Midwest,marketplace,2024-11-15 01:49:58,True
CUST000058,Kenneth,Reyes,customer58@example.com,West,store,2025-06-25 21:19:24,True
CUST000059,Maria,Maldonado,customer59@example.com,West,web,2026-01-07 02:59:35,True
CUST000060,Matthew,Silva,customer60@example.com,Southeast,marketplace,2025-09-05 05:40:47,True
CUST000061,Joseph,Hall,customer61@example.com,Northeast,mobile,2025-05-22 16:50:17,True
CUST000062,James,Hunt,customer62@example.com,West,store,2025-04-29 20:49:58,False
CUST000063,Dana,Smith,customer63@example.com,Southeast,web,2024-11-22 05:06:10,False
CUST000064,Sandra,Hamilton,customer64@example.com,Southeast,web,2025-11-02 05:05:18,True
CUST000065,James,Long,customer65@example.com,Southeast,web,2025-03-28 04:36:48,True
CUST000066,Brandi,Jackson,customer66@example.com,Northeast,store,2024-08-04 22:12:19,True
CUST000067,Kyle,Coleman,customer67@example.com,West,web,2026-04-08 18:05:21,True
CUST000068,Julian,Cruz,customer68@example.com,West,marketplace,2025-11-05 21:51:57,False
CUST000069,Tina,Buchanan,customer69@example.com,West,store,2024-07-02 06:10:10,True
CUST000070,Jillian,Martin,customer70@example.com,Southeast,mobile,2025-10-25 15:05:22,True
CUST000071,Jesse,Morrison,customer71@example.com,Southeast,store,2025-10-21 16:11:17,False
CUST000072,Michael,Foley,customer72@example.com,Midwest,mobile,2025-12-04 03:02:03,False
CUST000073,Desiree,Flores,customer73@example.com,West,marketplace,2024-07-01 17:37:32,True
CUST000074,Jeffrey,Johnson,customer74@example.com,West,web,2025-01-24 06:31:40,True
CUST000075,Dalton,Roth,customer75@example.com,Northeast,web,2025-01-30 11:43:51,True
CUST000076,Angelica,Palmer,customer76@example.com,Northeast,store,2025-10-02 13:18:31,True
CUST000077,Leslie,Robinson,customer77@example.com,Southeast,web,2025-03-17 17:39:54,True
CUST000078,Kevin,Alvarado,customer78@example.com,West,store,2024-09-18 01:25:59,True
CUST000079,Hunter,Vasquez,customer79@example.com,Midwest,marketplace,2024-07-17 10:08:10,True
CUST000080,Alexander,Patton,customer80@example.com,West,store,2025-04-13 00:10:06,False
CUST000081,Martha,Wilson,customer81@example.com,Southeast,web,2026-02-08 16:57:55,False
CUST000082,Amy,Dominguez,customer82@example.com,Midwest,marketplace,2026-03-25 16:14:43,True
CUST000083,Michael,Martinez,customer83@example.com,Southeast,marketplace,2024-04-26 04:40:32,False
CUST000084,Ashley,Garza,customer84@example.com,Midwest,web,2026-02-06 23:22:45,False
CUST000085,Andrew,Wright,customer85@example.com,West,web,2024-06-14 17:05:57,True
CUST000086,Lisa,Harris,customer86@example.com,West,mobile,2025-01-11 20:22:17,True
CUST000087,Amber,Morales,customer87@example.com,West,web,2024-06-27 12:48:00,True
CUST000088,Elizabeth,Berry,customer88@example.com,West,web,2024-09-30 05:44:27,True
CUST000089,Theodore,Thompson,customer89@example.com,Northeast,mobile,2024-09-01 04:02:54,True
CUST000090,Brian,Campbell,customer90@example.com,Southeast,store,2025-09-18 23:39:15,True
CUST000091,Laura,Gonzales,customer91@example.com,Southeast,mobile,2025-02-21 18:14:32,True
CUST000092,Charles,Salinas,customer92@example.com,West,mobile,2024-06-07 02:33:58,True
CUST000093,Justin,Baker,customer93@example.com,Midwest,store,2024-08-27 22:19:04,True
CUST000094,Jose,Walters,customer94@example.com,West,web,2024-07-26 20:29:46,False
CUST000095,Jose,Jones,customer95@example.com,West,store,2024-06-19 14:34:13,True
CUST000096,Jeremy,Richard,customer96@example.com,West,mobile,2025-10-31 10:01:56,True
CUST000097,Jennifer,Myers,customer97@example.com,Northeast,marketplace,2025-08-08 14:11:44,False
CUST000098,Nathan,Gonzalez,customer98@example.com,West,mobile,2025-11-19 13:54:25,True
CUST000099,Brian,Sanchez,customer99@example.com,Southeast,store,2026-01-14 10:18:26,True
CUST000100,Daniel,Morgan,customer100@example.com,West,mobile,2025-05-15 09:54:05,True
CUST000101,Leah,Brooks,customer101@example.com,Northeast,marketplace,2025-07-29 07:53:56,False
CUST000102,Jessica,Rodgers,customer102@example.com,West,mobile,2024-09-09 03:34:53,True
CUST000103,Jennifer,Barry,customer103@example.com,Midwest,store,2024-06-17 04:33:31,True
CUST000104,Ronald,Gibson,customer104@example.com,Northeast,marketplace,2025-04-02 13:27:09,True
CUST000105,Jennifer,Cook,customer105@example.com,Midwest,mobile,2025-10-27 05:42:56,True
CUST000106,Carla,Ford,customer106@example.com,Southeast,store,2024-10-25 03:20:15,True
CUST000107,Heather,Ayers,customer107@example.com,Northeast,web,2025-01-30 06:33:58,True
CUST000108,Dylan,Jackson,customer108@example.com,Northeast,mobile,2024-07-19 20:59:34,True
CUST000109,Scott,Fowler,customer109@example.com,West,marketplace,2025-09-23 21:41:36,False
CUST000110,Megan,Becker,customer110@example.com,West,store,2025-09-08 10:08:37,False
CUST000111,Ronald,Green,customer111@example.com,West,web,2025-03-22 04:13:15,True
CUST000112,Cynthia,Knapp,customer112@example.com,West,web,2025-08-09 04:56:13,True
CUST000113,Rachael,Gamble,customer113@example.com,Midwest,mobile,2025-02-09 07:37:57,True
CUST000114,James,Jenkins,customer114@example.com,Midwest,marketplace,2024-11-16 13:54:11,True
CUST000115,Christina,Young,customer115@example.com,Midwest,mobile,2025-07-05 18:35:12,True
CUST000116,Xavier,Castillo,customer116@example.com,West,mobile,2024-05-08 11:37:01,True
CUST000117,Frederick,Mcdonald,customer117@example.com,West,web,2025-09-08 18:51:34,True
CUST000118,Kathy,Choi,customer118@example.com,Northeast,marketplace,2025-10-12 18:49:15,True
CUST000119,Thomas,Jones,customer119@example.com,West,mobile,2026-01-03 00:36:16,True
CUST000120,Richard,Jennings,customer120@example.com,Midwest,mobile,2024-06-10 08:52:36,True
CUST000121,Brittany,Wagner,customer121@example.com,Southeast,mobile,2025-07-31 07:21:54,True
CUST000122,Dawn,Mccall,customer122@example.com,West,store,2024-10-24 10:51:50,False
CUST000123,Joshua,Yates,customer123@example.com,West,marketplace,2024-08-19 14:47:16,True
CUST000124,Phillip,Thornton,customer124@example.com,Southeast,web,2025-08-09 00:05:55,True
CUST000125,James,Farmer,customer125@example.com,West,marketplace,2025-11-10 11:55:29,True
CUST000126,Katrina,Fox,customer126@example.com,Northeast,mobile,2025-02-13 21:41:53,True
CUST000127,Michael,Bond,customer127@example.com,Southeast,web,2025-02-27 07:02:46,True
CUST000128,John,Mccormick,customer128@example.com,Midwest,store,2025-02-14 21:40:18,False
CUST000129,Lisa,Black,customer129@example.com,Midwest,mobile,2025-08-26 20:03:00,True
CUST000130,Tara,Yates,customer130@example.com,Northeast,mobile,2025-08-01 03:04:54,True
CUST000131,Daniel,Jones,customer131@example.com,Midwest,store,2024-04-24 17:56:28,True
CUST000132,Jamie,Lane,customer132@example.com,West,marketplace,2024-10-10 07:38:48,True
CUST000133,Anthony,Ward,customer133@example.com,West,store,2025-01-29 03:34:16,True
CUST000134,Cory,George,customer134@example.com,Southeast,marketplace,2026-04-05 17:05:05,True
CUST000135,Thomas,Proctor,customer135@example.com,Midwest,web,2024-08-16 17:53:51,True
CUST000136,Gavin,Glover,customer136@example.com,Midwest,marketplace,2025-09-11 04:17:26,True
CUST000137,Casey,Riley,customer137@example.com,Southeast,store,2024-04-23 07:08:32,True
CUST000138,Jared,Hunt,customer138@example.com,Northeast,mobile,2024-05-25 15:06:03,False
CUST000139,Susan,Smith,customer139@example.com,Northeast,marketplace,2026-03-29 15:23:41,True
CUST000140,Mary,Smith,customer140@example.com,Northeast,web,2025-07-22 22:35:06,True
CUST000141,Tami,Lewis,customer141@example.com,West,mobile,2024-12-23 00:03:30,True
CUST000142,Donald,Chandler,customer142@example.com,Northeast,marketplace,2024-08-07 10:16:03,False
CUST000143,William,Woods,customer143@example.com,Southeast,web,2024-06-30 16:48:54,True
CUST000144,Michael,Curry,customer144@example.com,Midwest,mobile,2025-07-16 14:48:11,True
CUST000145,Elizabeth,Wood,customer145@example.com,West,mobile,2025-02-07 14:22:06,False
CUST000146,Justin,Villarreal,customer146@example.com,Northeast,web,2026-02-19 15:36:41,True
CUST000147,Sherry,Baker,customer147@example.com,West,store,2024-07-15 04:52:18,False
CUST000148,Jennifer,Thomas,customer148@example.com,Southeast,mobile,2026-01-29 06:59:21,True
CUST000149,Amanda,Blevins,customer149@example.com,Midwest,mobile,2026-02-17 05:09:33,True
CUST000150,Dennis,Rodriguez,customer150@example.com,Northeast,store,2025-10-02 11:29:41,True
CUST000151,Allison,Bradley,customer151@example.com,West,store,2024-10-22 11:31:13,False
CUST000152,Steve,King,customer152@example.com,Southeast,store,2024-09-14 21:20:30,False
CUST000153,Kelly,Ball,customer153@example.com,Northeast,store,2025-08-13 12:36:54,True
CUST000154,Tara,Franco,customer154@example.com,Southeast,mobile,2024-05-31 11:16:48,False
CUST000155,Matthew,Mccarthy,customer155@example.com,Southeast,web,2025-10-18 10:09:59,True
CUST000156,Amy,Cruz,customer156@example.com,West,web,2024-10-28 03:11:17,True
CUST000157,James,Stanton,customer157@example.com,Midwest,mobile,2025-10-22 05:31:57,True
CUST000158,Joseph,Hunt,customer158@example.com,West,marketplace,2025-06-07 13:56:25,False
CUST000159,Karen,Cooper,customer159@example.com,Southeast,marketplace,2025-07-08 23:36:28,True
CUST000160,Scott,Schmidt,customer160@example.com,Northeast,marketplace,2025-10-06 20:03:50,True
CUST000161,Alejandro,Stewart,customer161@example.com,West,marketplace,2025-06-28 21:17:03,True
CUST000162,Melinda,Johnson,customer162@example.com,Southeast,marketplace,2024-04-28 04:18:05,True
CUST000163,Alexander,Burns,customer163@example.com,Southeast,marketplace,2025-07-27 16:33:25,True
CUST000164,Carol,Pena,customer164@example.com,Southeast,web,2024-07-12 04:44:03,True
CUST000165,Scott,Vargas,customer165@example.com,West,store,2025-06-29 18:44:08,False
CUST000166,Emma,Savage,customer166@example.com,Northeast,mobile,2024-12-30 08:14:49,True
CUST000167,Christopher,Ray,customer167@example.com,Northeast,web,2025-02-05 04:20:40,True
CUST000168,Michael,Washington,customer168@example.com,Southeast,mobile,2025-09-09 14:14:49,True
CUST000169,Kathy,Boyd,customer169@example.com,West,store,2026-03-22 20:30:13,True
CUST000170,Felicia,Ruiz,customer170@example.com,Southeast,web,2024-06-11 23:38:06,False
CUST000171,Bethany,Torres,customer171@example.com,West,marketplace,2025-05-11 19:11:25,True
CUST000172,Jennifer,Ramos,customer172@example.com,West,marketplace,2025-10-12 20:18:14,True
CUST000173,Cathy,Anthony,customer173@example.com,Midwest,store,2025-03-14 14:20:00,True
CUST000174,Eric,Phillips,customer174@example.com,Midwest,web,2024-10-28 16:28:03,True
CUST000175,Lindsay,Reed,customer175@example.com,Northeast,mobile,2024-07-03 23:50:25,True
CUST000176,Jill,Cowan,customer176@example.com,West,mobile,2025-06-04 06:16:19,False
CUST000177,Joshua,Johnston,customer177@example.com,Northeast,store,2025-06-15 20:46:37,False
CUST000178,Charles,Quinn,customer178@example.com,Northeast,mobile,2025-06-20 15:27:44,False
CUST000179,Daniel,Alvarado,customer179@example.com,Southeast,marketplace,2024-05-01 20:24:57,True
CUST000180,Jose,Evans,customer180@example.com,Midwest,marketplace,2024-07-18 09:26:39,False
CUST000181,Aaron,Russo,customer181@example.com,Midwest,mobile,2025-08-06 10:18:10,True
CUST000182,John,Luna,customer182@example.com,Northeast,web,2025-06-30 06:55:29,False
CUST000183,Jose,Tucker,customer183@example.com,Northeast,store,2024-11-04 11:31:57,True
CUST000184,Michael,Miller,customer184@example.com,Midwest,store,2025-06-28 21:58:03,True
CUST000185,Lauren,Smith,customer185@example.com,Northeast,marketplace,2025-01-03 19:57:19,False
CUST000186,Rebecca,Hensley,customer186@example.com,Southeast,marketplace,2024-08-03 20:57:09,True
CUST000187,Tracy,Snyder,customer187@example.com,Northeast,web,2025-06-18 15:20:18,True
CUST000188,Charles,Lewis,customer188@example.com,Southeast,mobile,2025-08-19 05:22:54,False
CUST000189,Kevin,Williams,customer189@example.com,Southeast,marketplace,2024-05-01 11:12:31,True
CUST000190,Danny,Bowman,customer190@example.com,Midwest,store,2026-01-23 13:02:47,True
CUST000191,Katherine,Garrett,customer191@example.com,Midwest,web,2024-05-10 12:52:28,True
CUST000192,Daniel,Sparks,customer192@example.com,West,web,2024-06-18 13:03:08,False
CUST000193,Karen,Jones,customer193@example.com,Southeast,store,2025-01-16 18:21:27,True
CUST000194,Samuel,Baxter,customer194@example.com,West,web,2026-04-16 18:23:37,False
CUST000195,Melody,Adkins,customer195@example.com,Midwest,web,2024-07-12 05:11:12,False
CUST000196,Chelsea,Reid,customer196@example.com,West,store,2025-06-24 08:28:23,True
CUST000197,Brittany,Michael,customer197@example.com,Midwest,mobile,2024-07-31 15:43:30,True
CUST000198,Yvonne,West,customer198@example.com,Southeast,marketplace,2026-02-17 16:02:12,True
CUST000199,Paul,Mcintosh,customer199@example.com,Southeast,web,2024-04-25 20:34:34,False
CUST000200,Jonathon,Mckinney,customer200@example.com,Midwest,mobile,2025-01-30 02:44:14,True
CUST000201,Dustin,Bradford,customer201@example.com,Midwest,web,2024-07-13 15:21:59,False
CUST000202,Mark,Chase,customer202@example.com,Northeast,web,2025-10-16 07:49:10,True
CUST000203,Joseph,Hill,customer203@example.com,Northeast,store,2024-06-23 02:58:24,False
CUST000204,Jennifer,Prince,customer204@example.com,Northeast,web,2025-10-21 11:58:52,True
CUST000205,Debra,Lawson,customer205@example.com,Northeast,store,2024-08-02 22:20:19,False
CUST000206,Keith,Young,customer206@example.com,Southeast,web,2025-08-19 06:55:36,True
CUST000207,Patricia,Knox,customer207@example.com,Southeast,store,2025-09-11 16:08:11,True
CUST000208,Joseph,Jones,customer208@example.com,West,web,2025-06-15 21:21:57,True
CUST000209,Maria,Wilkinson,customer209@example.com,Northeast,marketplace,2025-04-19 19:24:05,True
CUST000210,Susan,Howard,customer210@example.com,Northeast,store,2024-09-17 23:41:55,True
CUST000211,Kimberly,Andrews,customer211@example.com,Northeast,store,2024-06-30 02:13:21,False
CUST000212,Brian,Shaw,customer212@example.com,Southeast,marketplace,2025-10-06 04:05:01,True
CUST000213,April,Adams,customer213@example.com,Midwest,store,2024-09-09 19:20:31,True
CUST000214,Joseph,Sullivan,customer214@example.com,Southeast,store,2026-04-17 10:12:26,True
CUST000215,Lindsay,Burke,customer215@example.com,Southeast,marketplace,2025-10-03 20:42:42,False
CUST000216,Levi,Choi,customer216@example.com,Southeast,marketplace,2026-04-07 07:28:02,False
CUST000217,Joshua,Peterson,customer217@example.com,West,mobile,2025-11-08 17:18:11,True
CUST000218,Eric,Guerra,customer218@example.com,West,store,2025-08-12 09:18:25,True
CUST000219,Kimberly,Mcguire,customer219@example.com,Midwest,web,2025-12-27 00:00:22,True
CUST000220,Aaron,Blair,customer220@example.com,Northeast,mobile,2026-02-14 15:56:09,True
CUST000221,Tony,Avila,customer221@example.com,Northeast,marketplace,2024-11-20 15:54:26,True
CUST000222,Henry,Brown,customer222@example.com,Northeast,marketplace,2024-09-24 22:09:21,True
CUST000223,Tracey,Randall,customer223@example.com,Midwest,mobile,2025-09-08 06:31:46,True
CUST000224,Amanda,Rodriguez,customer224@example.com,West,mobile,2026-01-29 07:02:56,True
CUST000225,Michael,Gray,customer225@example.com,Southeast,mobile,2024-10-29 02:44:25,True
CUST000226,Dana,Flowers,customer226@example.com,West,store,2024-11-08 06:44:20,False
CUST000227,Anna,Valentine,customer227@example.com,Southeast,mobile,2024-09-17 19:07:54,False
CUST000228,Bradley,Rivera,customer228@example.com,Northeast,web,2026-01-11 09:22:57,False
CUST000229,Stephanie,Johnson,customer229@example.com,West,web,2025-12-08 00:40:08,True
CUST000230,Sarah,Henderson,customer230@example.com,Southeast,store,2025-05-23 18:31:15,True
CUST000231,Scott,Sullivan,customer231@example.com,Northeast,web,2024-06-29 23:18:38,False
CUST000232,Robert,Cowan,customer232@example.com,West,web,2026-01-15 08:26:51,True
CUST000233,James,Fischer,customer233@example.com,Southeast,store,2026-03-02 16:38:09,False
CUST000234,Tara,Richardson,customer234@example.com,Southeast,mobile,2025-03-18 19:35:41,False
CUST000235,Katherine,Ramirez,customer235@example.com,Northeast,web,2026-03-21 18:53:07,True
CUST000236,Nicholas,Marsh,customer236@example.com,Southeast,web,2025-02-18 04:32:26,True
CUST000237,David,Duran,customer237@example.com,Northeast,marketplace,2026-02-21 00:11:52,False
CUST000238,Erik,Davis,customer238@example.com,Southeast,store,2025-05-26 02:29:02,False
CUST000239,Judy,Moore,customer239@example.com,Northeast,web,2025-08-28 02:53:47,True
CUST000240,Kevin,Rogers,customer240@example.com,Northeast,marketplace,2024-08-13 13:02:26,True
CUST000241,Lisa,Smith,customer241@example.com,West,store,2024-09-04 14:31:49,False
CUST000242,Hannah,Smith,customer242@example.com,Northeast,mobile,2025-02-17 04:05:11,False
CUST000243,Joshua,Garcia,customer243@example.com,Northeast,web,2025-07-07 16:08:06,True
CUST000244,Lauren,Stevens,customer244@example.com,Northeast,marketplace,2025-09-04 17:28:00,True
CUST000245,Kathy,Higgins,customer245@example.com,Southeast,web,2025-11-27 22:28:13,False
CUST000246,Cheryl,Jimenez,customer246@example.com,Northeast,marketplace,2025-05-13 09:38:57,True
CUST000247,Andrew,Carney,customer247@example.com,Midwest,mobile,2024-06-01 23:04:28,True
CUST000248,Kathleen,Huynh,customer248@example.com,Northeast,store,2025-03-13 13:00:13,False
CUST000249,David,Lawson,customer249@example.com,Southeast,web,2026-01-10 04:26:04,False
CUST000250,Kara,Miller,customer250@example.com,Northeast,mobile,2025-07-11 16:28:44,True
CUST000251,Jonathan,Anderson,customer251@example.com,Southeast,store,2024-09-30 09:55:16,True
CUST000252,Christine,Ford,customer252@example.com,Midwest,web,2026-03-19 05:51:02,False
CUST000253,Nicholas,Harrison,customer253@example.com,Northeast,web,2025-11-30 22:37:21,True
CUST000254,Jenna,Clark,customer254@example.com,Southeast,web,2025-04-23 19:45:16,True
CUST000255,Daniel,Farley,customer255@example.com,Northeast,web,2024-05-07 14:25:44,True
CUST000256,Veronica,Watson,customer256@example.com,Midwest,marketplace,2024-05-08 16:02:57,True
CUST000257,Tara,Wagner,customer257@example.com,Midwest,marketplace,2024-10-27 02:28:16,True
CUST000258,Anthony,Noble,customer258@example.com,Northeast,mobile,2025-12-16 14:08:14,True
CUST000259,Tony,Andrews,customer259@example.com,Midwest,store,2025-06-05 10:34:40,False
CUST000260,Brittany,Park,customer260@example.com,Southeast,marketplace,2025-07-25 06:42:52,True
CUST000261,Melissa,Bailey,customer261@example.com,Northeast,marketplace,2025-11-17 08:00:15,False
CUST000262,Heidi,Hughes,customer262@example.com,Southeast,store,2026-04-17 19:57:25,True
CUST000263,Russell,Henry,customer263@example.com,West,web,2026-01-28 03:29:41,True
CUST000264,Daniel,Gomez,customer264@example.com,Northeast,marketplace,2026-01-02 17:20:09,True
CUST000265,Jaime,Nguyen,customer265@example.com,Southeast,marketplace,2025-11-17 01:39:23,True
CUST000266,Brian,Weaver,customer266@example.com,Southeast,store,2024-12-26 02:59:29,False
CUST000267,Jessica,Jackson,customer267@example.com,West,store,2024-06-25 12:34:44,False
CUST000268,Valerie,Barnes,customer268@example.com,Northeast,store,2025-12-23 03:54:02,True
CUST000269,Wendy,Lang,customer269@example.com,Midwest,mobile,2024-06-22 11:24:46,True
CUST000270,Tiffany,Campos,customer270@example.com,Southeast,store,2024-07-01 12:34:06,False
CUST000271,Cassandra,Roth,customer271@example.com,Northeast,web,2025-03-24 18:52:53,True
CUST000272,David,Mccoy,customer272@example.com,Midwest,mobile,2024-09-16 11:25:25,True
CUST000273,Patrick,Michael,customer273@example.com,Northeast,store,2025-01-21 18:55:01,False
CUST000274,Penny,Fuentes,customer274@example.com,Northeast,web,2026-02-03 20:15:14,False
CUST000275,Amanda,Mendoza,customer275@example.com,Southeast,mobile,2024-04-26 07:39:39,True
CUST000276,Melanie,Reed,customer276@example.com,West,store,2024-06-06 06:00:38,True
CUST000277,David,Allen,customer277@example.com,Northeast,web,2026-01-27 07:57:40,True
CUST000278,Maria,Williams,customer278@example.com,Southeast,marketplace,2026-01-21 14:51:57,False
CUST000279,Brian,Strickland,customer279@example.com,Midwest,store,2025-09-05 06:50:46,True
CUST000280,Joshua,Vega,customer280@example.com,Northeast,mobile,2024-05-13 08:40:13,True
CUST000281,Joshua,Harvey,customer281@example.com,Southeast,marketplace,2025-12-04 08:05:40,True
CUST000282,Carly,Mack,customer282@example.com,Northeast,web,2025-07-31 11:34:55,True
CUST000283,Caroline,Miller,customer283@example.com,West,marketplace,2025-08-28 19:57:07,True
CUST000284,Tammy,Williams,customer284@example.com,Midwest,mobile,2025-01-17 19:40:05,True
CUST000285,Jacob,Gonzales,customer285@example.com,Northeast,store,2024-11-19 17:53:24,False
CUST000286,Joseph,Anderson,customer286@example.com,Northeast,marketplace,2025-05-29 08:05:38,False
CUST000287,Sarah,Ward,customer287@example.com,Midwest,mobile,2024-10-30 11:40:04,True
CUST000288,Ellen,Roberts,customer288@example.com,Southeast,store,2025-01-17 05:55:36,True
CUST000289,Karen,Robinson,customer289@example.com,Northeast,web,2025-07-22 17:03:35,True
CUST000290,Ana,Long,customer290@example.com,Midwest,store,2026-03-30 15:23:37,True
CUST000291,Erik,Wolf,customer291@example.com,West,web,2025-10-27 22:25:01,True
CUST000292,Alicia,Smith,customer292@example.com,Northeast,store,2024-07-08 15:28:51,False
CUST000293,Angela,Mcmillan,customer293@example.com,West,store,2026-04-03 17:02:58,True
CUST000294,Devon,Todd,customer294@example.com,West,mobile,2025-12-15 17:51:21,True
CUST000295,Erika,Curtis,customer295@example.com,West,web,2024-05-19 01:19:31,True
CUST000296,Anthony,Larsen,customer296@example.com,Southeast,web,2026-02-23 02:28:22,True
CUST000297,Sally,Wheeler,customer297@example.com,Northeast,web,2024-09-04 23:08:02,True
CUST000298,Nicholas,Woods,customer298@example.com,West,store,2025-01-13 08:36:09,True
CUST000299,Philip,Reyes,customer299@example.com,West,mobile,2024-12-20 05:37:43,True
CUST000300,Holly,Young,customer300@example.com,Midwest,web,2024-07-18 13:36:38,True
CUST000301,Courtney,Shelton,customer301@example.com,West,marketplace,2024-10-16 13:09:34,True
CUST000302,Joshua,Gonzalez,customer302@example.com,Northeast,web,2025-06-27 05:12:12,True
CUST000303,Susan,Meyer,customer303@example.com,Northeast,store,2024-07-21 01:36:07,True
CUST000304,Olivia,Boyer,customer304@example.com,West,store,2025-11-13 05:50:03,False
CUST000305,Anthony,Ramirez,customer305@example.com,Midwest,marketplace,2025-07-18 16:50:18,True
CUST000306,Bryan,Martinez,customer306@example.com,Midwest,marketplace,2025-12-20 00:32:59,True
CUST000307,Heidi,Morgan,customer307@example.com,West,web,2025-03-16 08:05:35,True
CUST000308,Austin,Dominguez,customer308@example.com,Midwest,store,2026-02-14 12:22:31,True
CUST000309,Christian,Green,customer309@example.com,Northeast,mobile,2024-05-02 18:54:45,True
CUST000310,Erika,Gilbert,customer310@example.com,Midwest,store,2025-05-12 06:56:39,True
CUST000311,Dawn,Davis,customer311@example.com,Northeast,web,2026-01-31 04:43:06,True
CUST000312,Rebecca,Allen,customer312@example.com,Midwest,store,2024-07-19 17:52:58,True
CUST000313,Eric,Garcia,customer313@example.com,Northeast,store,2024-12-05 05:11:22,True
CUST000314,Tara,Turner,customer314@example.com,Northeast,mobile,2025-07-02 04:28:10,True
CUST000315,Raymond,Howard,customer315@example.com,Southeast,store,2026-04-02 11:02:07,True
CUST000316,Allison,Miller,customer316@example.com,Northeast,store,2025-02-05 22:42:26,True
CUST000317,Barbara,Munoz,customer317@example.com,Midwest,web,2024-04-28 21:52:09,True
CUST000318,Courtney,Miller,customer318@example.com,Northeast,mobile,2024-09-13 19:13:35,True
CUST000319,Jessica,Lee,customer319@example.com,West,marketplace,2025-12-15 19:34:10,False
CUST000320,Daniel,Hill,customer320@example.com,Southeast,marketplace,2026-01-31 03:54:48,True
CUST000321,Ryan,Casey,customer321@example.com,West,marketplace,2024-06-13 12:14:47,True
CUST000322,Angela,Gibson,customer322@example.com,Southeast,store,2024-07-23 14:50:19,True
CUST000323,Walter,Brown,customer323@example.com,Northeast,marketplace,2025-08-05 20:51:34,False
CUST000324,Justin,Mayer,customer324@example.com,Southeast,mobile,2024-04-24 03:59:55,True
CUST000325,Peter,Klein,customer325@example.com,West,marketplace,2025-10-25 20:23:54,True
CUST000326,Spencer,Clark,customer326@example.com,Midwest,marketplace,2024-06-25 05:53:16,False
CUST000327,Tyler,Yang,customer327@example.com,Midwest,store,2025-02-13 19:16:05,True
CUST000328,Matthew,Vasquez,customer328@example.com,Southeast,web,2025-02-15 03:02:21,True
CUST000329,Scott,Morse,customer329@example.com,Midwest,web,2024-10-21 05:42:12,True
CUST000330,Megan,Franklin,customer330@example.com,Northeast,store,2025-04-16 02:08:00,False
CUST000331,Taylor,Perry,customer331@example.com,Midwest,web,2024-10-30 08:12:33,True
CUST000332,Amanda,Bridges,customer332@example.com,Midwest,store,2024-10-08 01:54:18,True
CUST000333,Jimmy,Best,customer333@example.com,Southeast,store,2024-06-07 16:36:51,True
CUST000334,Brian,Williams,customer334@example.com,Northeast,store,2026-01-13 04:42:41,False
CUST000335,Vincent,Escobar,customer335@example.com,West,web,2025-06-19 17:01:51,False
CUST000336,Bill,Hicks,customer336@example.com,Northeast,marketplace,2024-05-19 08:19:05,True
CUST000337,Teresa,Kennedy,customer337@example.com,West,store,2025-11-02 23:15:31,True
CUST000338,Samantha,Heath,customer338@example.com,Southeast,mobile,2024-06-09 13:39:44,True
CUST000339,John,Herring,customer339@example.com,Midwest,web,2025-04-19 23:21:25,True
CUST000340,Michael,Bauer,customer340@example.com,Midwest,marketplace,2026-02-25 13:10:12,True
CUST000341,Rebecca,Summers,customer341@example.com,Midwest,mobile,2025-02-03 06:04:45,False
CUST000342,Nicole,Mills,customer342@example.com,West,marketplace,2024-05-26 22:40:10,True
CUST000343,Suzanne,Rivera,customer343@example.com,Northeast,store,2024-08-30 03:26:33,True
CUST000344,Amy,Leon,customer344@example.com,West,web,2025-11-01 17:30:46,True
CUST000345,Christine,Bradley,customer345@example.com,West,web,2025-10-29 11:44:33,False
CUST000346,Jennifer,Castillo,customer346@example.com,Northeast,marketplace,2024-06-10 04:56:42,True
CUST000347,Thomas,Stewart,customer347@example.com,Northeast,mobile,2025-10-27 11:05:16,False
CUST000348,Molly,Cannon,customer348@example.com,West,mobile,2025-10-23 01:02:51,True
CUST000349,Alexander,Meza,customer349@example.com,West,marketplace,2025-04-05 06:33:40,True
CUST000350,Calvin,Miller,customer350@example.com,Midwest,web,2025-08-07 21:56:07,True
CUST000351,Samuel,Wilson,customer351@example.com,West,mobile,2025-07-21 22:37:11,True
CUST000352,Cody,Smith,customer352@example.com,Midwest,store,2026-01-29 08:55:13,True
CUST000353,Audrey,Vaughn,customer353@example.com,West,store,2024-09-18 11:28:56,True
CUST000354,Jennifer,White,customer354@example.com,Midwest,web,2024-09-24 17:56:59,True
CUST000355,Matthew,Smith,customer355@example.com,Northeast,web,2026-02-11 07:26:30,True
CUST000356,Scott,Kelly,customer356@example.com,Northeast,store,2024-10-06 04:55:44,False
CUST000357,Crystal,Brown,customer357@example.com,Southeast,store,2025-04-20 17:44:32,True
CUST000358,Natalie,Stephens,customer358@example.com,Midwest,store,2024-09-06 20:14:59,False
CUST000359,Julie,Erickson,customer359@example.com,Northeast,mobile,2024-08-16 07:18:23,False
CUST000360,Richard,Robinson,customer360@example.com,West,mobile,2025-08-25 23:10:09,True
CUST000361,Thomas,Allen,customer361@example.com,Northeast,web,2024-08-21 12:55:47,True
CUST000362,Lisa,Gordon,customer362@example.com,Midwest,web,2026-03-05 16:58:24,True
CUST000363,William,Garcia,customer363@example.com,Northeast,mobile,2025-03-04 21:44:20,False
CUST000364,Angela,Nichols,customer364@example.com,Midwest,store,2025-09-23 20:38:06,True
CUST000365,Kristina,Mccarty,customer365@example.com,Midwest,mobile,2026-02-03 02:13:01,True
CUST000366,Cheyenne,Cooke,customer366@example.com,Southeast,web,2024-10-13 19:39:56,False
CUST000367,Robert,Fleming,customer367@example.com,Southeast,store,2024-09-04 08:03:51,True
CUST000368,Cheryl,Schroeder,customer368@example.com,Southeast,store,2026-04-02 08:33:49,True
CUST000369,Norma,Gray,customer369@example.com,Northeast,mobile,2025-02-10 11:22:55,True
CUST000370,Billy,Barron,customer370@example.com,Midwest,mobile,2024-06-26 21:11:18,True
CUST000371,Tanya,Wagner,customer371@example.com,Northeast,web,2026-01-22 04:34:52,False
CUST000372,Daniel,Mathis,customer372@example.com,Southeast,store,2024-07-29 19:43:22,True
CUST000373,Shannon,Butler,customer373@example.com,Northeast,web,2025-05-07 17:33:33,True
CUST000374,Erin,Miller,customer374@example.com,Northeast,store,2024-10-14 01:36:02,True
CUST000375,Lauren,Compton,customer375@example.com,Southeast,mobile,2024-12-21 01:05:47,False
CUST000376,Brady,Torres,customer376@example.com,Northeast,marketplace,2024-10-30 13:09:44,True
CUST000377,Cindy,Nguyen,customer377@example.com,Midwest,web,2025-03-01 02:16:41,True
CUST000378,Stephen,Young,customer378@example.com,Southeast,web,2025-09-07 11:28:56,True
CUST000379,Patrick,Valentine,customer379@example.com,Midwest,web,2025-07-31 02:55:17,True
CUST000380,Thomas,Perez,customer380@example.com,Northeast,store,2024-09-18 05:36:58,False
CUST000381,Crystal,Stephens,customer381@example.com,Midwest,mobile,2025-10-12 23:01:32,True
CUST000382,Sarah,Gregory,customer382@example.com,Midwest,store,2025-06-09 11:04:43,False
CUST000383,Mark,Robinson,customer383@example.com,Southeast,marketplace,2025-02-28 20:02:12,True
CUST000384,Joshua,Martinez,customer384@example.com,West,marketplace,2025-11-27 15:09:24,False
CUST000385,Meghan,Ford,customer385@example.com,Northeast,mobile,2026-01-02 12:07:40,False
CUST000386,Ann,Green,customer386@example.com,Midwest,marketplace,2025-07-21 00:21:36,False
CUST000387,Brent,Carroll,customer387@example.com,Southeast,web,2025-04-30 23:31:40,False
CUST000388,Ashley,Brewer,customer388@example.com,Midwest,store,2024-05-13 22:15:01,True
CUST000389,Wayne,Lopez,customer389@example.com,Northeast,store,2025-12-09 23:35:16,True
CUST000390,Amy,Reid,customer390@example.com,Northeast,store,2026-03-04 10:01:20,False
CUST000391,Elizabeth,Miller,customer391@example.com,Southeast,store,2024-09-19 15:58:53,True
CUST000392,Ashley,Parker,customer392@example.com,West,store,2025-05-10 12:56:02,False
CUST000393,Juan,Gonzalez,customer393@example.com,Midwest,mobile,2026-04-13 23:39:38,False
CUST000394,Andrea,Love,customer394@example.com,Northeast,store,2025-02-07 15:36:27,False
CUST000395,Kevin,Tapia,customer395@example.com,West,marketplace,2025-03-25 22:50:48,True
CUST000396,James,Burke,customer396@example.com,Southeast,store,2024-04-29 03:46:40,True
CUST000397,Benjamin,Williams,customer397@example.com,Midwest,mobile,2024-11-23 21:29:46,False
CUST000398,Jeremy,Johnson,customer398@example.com,Northeast,mobile,2026-02-15 08:47:47,True
CUST000399,Pamela,Owens,customer399@example.com,Northeast,web,2025-03-31 11:11:33,True
CUST000400,Gary,Fisher,customer400@example.com,Midwest,marketplace,2026-03-14 12:46:07,True
CUST000401,Paul,Harvey,customer401@example.com,Northeast,store,2024-09-14 23:59:32,True
CUST000402,David,Floyd,customer402@example.com,West,store,2026-03-18 09:03:37,True
CUST000403,Nancy,Baker,customer403@example.com,Northeast,web,2025-01-05 21:46:19,False
CUST000404,Kenneth,Morales,customer404@example.com,Southeast,mobile,2025-08-22 17:52:59,True
CUST000405,Ann,Stephens,customer405@example.com,Southeast,store,2024-12-21 16:02:10,False
CUST000406,Larry,Giles,customer406@example.com,Midwest,marketplace,2024-05-20 22:46:29,True
CUST000407,Julian,Lawson,customer407@example.com,Northeast,mobile,2026-01-13 15:41:01,True
CUST000408,Nicholas,Steele,customer408@example.com,Midwest,web,2026-04-13 18:53:49,True
CUST000409,Bradley,Stevenson,customer409@example.com,Midwest,marketplace,2025-03-23 06:29:31,True
CUST000410,Jennifer,Baldwin,customer410@example.com,West,web,2024-06-07 13:32:31,False
CUST000411,Walter,Gill,customer411@example.com,Southeast,web,2026-01-10 19:39:14,True
CUST000412,David,Montgomery,customer412@example.com,Southeast,mobile,2025-06-29 21:55:18,True
CUST000413,Cathy,Cochran,customer413@example.com,Southeast,mobile,2025-03-23 23:23:00,True
CUST000414,Mckenzie,Holmes,customer414@example.com,Southeast,mobile,2025-03-27 12:36:27,False
CUST000415,Kevin,Preston,customer415@example.com,Northeast,mobile,2024-10-03 18:28:07,True
CUST000416,Sean,Rhodes,customer416@example.com,Midwest,marketplace,2024-09-20 04:27:40,True
CUST000417,Mary,Morrow,customer417@example.com,Northeast,store,2024-12-06 04:11:31,False
CUST000418,Patricia,Bowen,customer418@example.com,West,mobile,2024-07-15 10:27:23,True
CUST000419,Mckenzie,Turner,customer419@example.com,Southeast,web,2024-11-07 13:41:23,True
CUST000420,Fred,Johnson,customer420@example.com,West,store,2024-08-21 07:25:34,True
CUST000421,Melissa,Ball,customer421@example.com,West,marketplace,2025-01-10 05:15:49,True
CUST000422,Laura,Christian,customer422@example.com,Midwest,marketplace,2024-10-14 22:50:25,True
CUST000423,Lisa,Lopez,customer423@example.com,West,web,2026-01-22 10:51:50,True
CUST000424,Amy,Brown,customer424@example.com,West,web,2024-08-12 19:06:04,True
CUST000425,Jennifer,Simmons,customer425@example.com,Southeast,mobile,2025-09-06 06:35:00,True
CUST000426,Benjamin,Carter,customer426@example.com,Midwest,marketplace,2025-06-07 19:48:32,True
CUST000427,Ryan,Jones,customer427@example.com,Northeast,store,2024-11-30 08:38:51,True
CUST000428,Brittany,Hernandez,customer428@example.com,Southeast,mobile,2025-01-31 11:51:20,True
CUST000429,Justin,Waters,customer429@example.com,Midwest,web,2026-04-07 23:51:58,False
CUST000430,Jorge,Khan,customer430@example.com,West,mobile,2025-09-28 14:38:49,False
CUST000431,Sabrina,Padilla,customer431@example.com,West,store,2025-11-16 01:21:11,True
CUST000432,Katherine,Jones,customer432@example.com,West,marketplace,2025-01-16 22:43:02,True
CUST000433,Benjamin,Smith,customer433@example.com,Southeast,store,2024-07-27 23:38:32,False
CUST000434,Valerie,Jones,customer434@example.com,Midwest,store,2025-11-30 19:14:55,True
CUST000435,Mario,Mitchell,customer435@example.com,Southeast,mobile,2025-03-07 03:29:52,True
CUST000436,Susan,Nelson,customer436@example.com,Midwest,store,2025-11-01 01:14:32,False
CUST000437,Tara,Horton,customer437@example.com,Midwest,web,2025-05-05 02:12:21,True
CUST000438,Joshua,Johnson,customer438@example.com,Southeast,mobile,2025-07-16 12:14:55,True
CUST000439,Mark,Baker,customer439@example.com,Midwest,web,2025-02-13 16:09:06,True
CUST000440,Sean,Bauer,customer440@example.com,Northeast,web,2025-11-18 18:39:54,True
CUST000441,Christian,Murphy,customer441@example.com,Midwest,mobile,2025-09-12 01:19:08,False
CUST000442,Luis,Castillo,customer442@example.com,West,store,2024-09-10 12:14:39,True
CUST000443,Kristen,Turner,customer443@example.com,West,store,2025-05-27 00:49:08,True
CUST000444,Jason,Patterson,customer444@example.com,Northeast,web,2026-02-17 11:13:38,True
CUST000445,Lisa,Alvarez,customer445@example.com,Northeast,web,2025-10-24 14:45:30,False
CUST000446,Krista,Andrews,customer446@example.com,Midwest,web,2024-05-31 00:13:37,True
CUST000447,Jamie,Rowe,customer447@example.com,West,marketplace,2025-08-13 07:45:24,True
CUST000448,Christine,Frank,customer448@example.com,Southeast,web,2025-02-17 10:05:11,True
CUST000449,Laura,Baker,customer449@example.com,Northeast,web,2025-11-28 21:47:45,True
CUST000450,Theresa,Sutton,customer450@example.com,Southeast,store,2025-05-17 05:54:19,True
CUST000451,Nicole,Murray,customer451@example.com,West,web,2025-03-02 00:56:25,True
CUST000452,Eric,Hill,customer452@example.com,West,web,2024-08-18 01:50:13,True
CUST000453,Beth,Vazquez,customer453@example.com,Southeast,mobile,2025-03-01 12:12:59,True
CUST000454,Karla,Shea,customer454@example.com,West,marketplace,2025-10-22 23:17:30,True
CUST000455,Lynn,Lopez,customer455@example.com,Southeast,store,2025-01-20 04:53:18,True
CUST000456,Donna,Leon,customer456@example.com,West,store,2026-02-07 20:46:11,True
CUST000457,Evan,Delgado,customer457@example.com,Northeast,marketplace,2026-02-22 05:40:31,True
CUST000458,Michael,Henderson,customer458@example.com,Midwest,marketplace,2025-08-16 11:37:57,True
CUST000459,Christian,Watson,customer459@example.com,Northeast,store,2025-10-15 03:42:01,True
CUST000460,Mary,Carroll,customer460@example.com,West,marketplace,2025-11-27 23:49:11,True
CUST000461,Marisa,Miller,customer461@example.com,West,web,2026-04-07 17:04:18,True
CUST000462,Benjamin,Whitehead,customer462@example.com,Midwest,marketplace,2025-07-18 17:59:19,True
CUST000463,Dustin,Morrison,customer463@example.com,Southeast,marketplace,2024-10-10 01:52:17,True
CUST000464,Sarah,Dean,customer464@example.com,Southeast,mobile,2024-08-31 12:15:21,True
CUST000465,Tammy,White,customer465@example.com,West,marketplace,2024-07-28 16:12:22,True
CUST000466,Robin,Herrera,customer466@example.com,Midwest,web,2025-10-25 19:32:05,True
CUST000467,Justin,Robertson,customer467@example.com,West,marketplace,2025-03-04 18:19:46,True
CUST000468,Colleen,Jackson,customer468@example.com,Northeast,mobile,2024-09-27 01:05:44,True
CUST000469,Nicole,Smith,customer469@example.com,Northeast,marketplace,2025-09-10 20:45:36,True
CUST000470,Mary,Herrera,customer470@example.com,West,marketplace,2024-04-22 16:40:10,True
CUST000471,Todd,Wiley,customer471@example.com,Southeast,web,2024-08-14 02:07:20,True
CUST000472,Ruben,Nelson,customer472@example.com,Southeast,marketplace,2025-06-28 19:00:04,True
CUST000473,Cynthia,Washington,customer473@example.com,Midwest,marketplace,2025-03-20 19:26:41,True
CUST000474,Amanda,Hill,customer474@example.com,Southeast,store,2024-05-30 14:36:51,True
CUST000475,Patrick,Nguyen,customer475@example.com,Northeast,web,2025-02-25 17:13:48,True
CUST000476,Michael,Long,customer476@example.com,Northeast,web,2024-07-20 10:34:43,False
CUST000477,Heather,Raymond,customer477@example.com,Northeast,mobile,2025-09-20 13:29:58,True
CUST000478,Rachel,Jones,customer478@example.com,Midwest,mobile,2026-03-19 08:14:19,True
CUST000479,Taylor,Johnson,customer479@example.com,Northeast,store,2024-05-09 07:39:08,True
CUST000480,Jennifer,Wright,customer480@example.com,Northeast,marketplace,2025-07-16 09:28:32,True
CUST000481,Destiny,Mack,customer481@example.com,Northeast,web,2026-01-18 19:48:14,False
CUST000482,Jeffrey,Hudson,customer482@example.com,Southeast,store,2024-08-10 12:09:57,True
CUST000483,Sonia,Sims,customer483@example.com,Northeast,store,2026-04-16 18:05:36,True
CUST000484,Joseph,Olson,customer484@example.com,Midwest,web,2025-08-26 05:55:16,True
CUST000485,Jerome,Salazar,customer485@example.com,Southeast,mobile,2024-10-30 23:03:04,False
CUST000486,Amy,Ellis,customer486@example.com,Midwest,marketplace,2025-02-13 00:22:38,True
CUST000487,Michelle,Howell,customer487@example.com,West,web,2024-10-14 05:31:32,True
CUST000488,Michael,Bautista,customer488@example.com,West,mobile,2025-12-28 23:14:54,False
CUST000489,Robert,Lawson,customer489@example.com,Northeast,marketplace,2025-01-02 05:17:21,False
CUST000490,Joy,Chan,customer490@example.com,Northeast,mobile,2024-06-06 11:54:28,True
CUST000491,Barbara,Camacho,customer491@example.com,Southeast,store,2025-05-26 20:43:20,True
CUST000492,Gina,Robinson,customer492@example.com,Southeast,mobile,2025-05-03 03:19:21,True
CUST000493,Paul,Bruce,customer493@example.com,Southeast,marketplace,2024-11-10 16:39:49,True
CUST000494,Erin,Ware,customer494@example.com,Northeast,store,2024-09-26 18:25:22,False
CUST000495,Katie,Gilbert,customer495@example.com,West,web,2026-01-06 08:58:35,True
CUST000496,Kevin,Washington,customer496@example.com,Northeast,store,2024-11-07 17:24:30,True
CUST000497,Kathleen,Davis,customer497@example.com,Southeast,marketplace,2024-12-14 21:50:00,True
CUST000498,Courtney,Lopez,customer498@example.com,Southeast,store,2024-08-06 01:20:25,True
CUST000499,Eric,Perez,customer499@example.com,Midwest,marketplace,2025-10-08 18:18:51,True
CUST000500,Pamela,Davis,customer500@example.com,Southeast,marketplace,2024-07-12 15:58:57,False
