order_item_id,order_id,product_id,returned_qty,return_reason,return_date
7067,2826,108,1,Not Needed,2024-04-24
28429,11348,82,1,Wrong Size,2025-02-23
27566,11002,31,1,Damaged,2024-12-11
20254,8087,91,1,Damaged,2024-12-21
22963,9196,122,1,Wrong Size,2024-12-23
5353,2151,48,1,Damaged,2024-10-23
15538,6189,126,1,Late Delivery,2024-05-09
24345,9746,119,1,Wrong Size,2024-04-13
29627,11818,51,1,Late Delivery,2025-10-17
26803,10707,28,1,Late Delivery,2024-02-05
26879,10736,31,1,Wrong Size,2025-09-23
15113,6023,138,1,Late Delivery,2024-08-29
29073,11601,47,1,Not Needed,2024-01-14
290,120,110,1,Damaged,2024-12-10
10876,4319,18,1,Not Needed,2024-02-21
3896,1563,111,1,Not Needed,2024-08-13
26512,10595,131,1,Damaged,2025-01-21
4372,1757,141,1,Damaged,2026-01-19
20598,8225,97,1,Damaged,2024-05-03
17858,7122,77,1,Wrong Size,2025-04-10
26630,10643,126,1,Not Needed,2025-03-11
7117,2845,4,1,Wrong Size,2025-11-23
7243,2893,129,1,Damaged,2024-03-12
5542,2221,77,1,Late Delivery,2025-05-27
1197,485,135,1,Not Needed,2025-02-08
8548,3404,99,1,Damaged,2025-04-26
23155,9284,138,1,Wrong Size,2025-06-15
3121,1260,139,1,Wrong Size,2025-03-07
8511,3389,54,1,Damaged,2025-11-16
5777,2312,30,1,Not Needed,2025-08-21
15469,6165,117,1,Damaged,2025-06-15
24748,9899,24,1,Damaged,2024-08-03
3881,1558,105,1,Damaged,2025-10-30
11649,4632,95,1,Damaged,2024-06-23
11348,4506,115,1,Wrong Size,2026-01-09
18981,7577,171,1,Damaged,2024-03-29
20752,8284,14,1,Damaged,2024-06-30
7637,3051,125,1,Late Delivery,2025-04-08
4531,1817,177,1,Damaged,2024-07-22
23014,9223,18,1,Damaged,2025-01-12
14875,5932,164,1,Damaged,2024-06-25
15554,6197,83,1,Wrong Size,2024-06-10
5567,2229,16,1,Late Delivery,2025-10-13
11901,4727,166,1,Damaged,2026-01-07
24703,9882,138,1,Not Needed,2025-09-10
17262,6884,10,1,Not Needed,2024-08-11
13842,5507,92,1,Late Delivery,2024-04-09
17335,6911,110,1,Damaged,2025-09-27
23058,9242,8,1,Wrong Size,2024-08-04
12638,5031,28,1,Late Delivery,2024-06-07
20275,8094,79,1,Damaged,2025-06-22
13529,5381,62,1,Not Needed,2026-01-06
20669,8254,166,1,Wrong Size,2024-01-19
15078,6010,129,1,Wrong Size,2024-07-17
19060,7605,101,1,Wrong Size,2025-10-23
1547,624,113,1,Wrong Size,2024-04-20
21512,8595,2,1,Damaged,2025-12-02
12164,4839,100,1,Damaged,2025-12-24
15310,6099,102,1,Not Needed,2025-04-27
15555,6197,173,1,Wrong Size,2024-04-04
1571,637,178,1,Late Delivery,2025-12-06
6987,2796,86,1,Wrong Size,2024-11-06
16502,6580,52,1,Wrong Size,2024-10-19
5597,2239,43,1,Late Delivery,2024-02-11
6074,2434,16,1,Damaged,2024-11-04
7390,2954,95,1,Late Delivery,2024-09-25
25245,10092,84,1,Damaged,2025-06-04
22250,8901,105,1,Wrong Size,2026-01-01
29051,11591,19,1,Damaged,2025-11-02
21613,8634,143,1,Wrong Size,2024-09-19
7548,3017,15,1,Not Needed,2025-12-01
15489,6171,47,1,Late Delivery,2024-09-04
25482,10185,82,1,Damaged,2025-05-12
6572,2622,11,1,Not Needed,2025-05-27
8676,3455,25,1,Damaged,2024-09-27
8635,3439,82,1,Damaged,2024-02-19
3947,1586,163,1,Late Delivery,2024-06-13
21587,8622,63,1,Damaged,2024-07-02
12518,4984,73,1,Damaged,2024-08-08
17618,7025,147,1,Wrong Size,2024-05-27
5849,2340,144,1,Damaged,2024-03-03
3541,1423,109,1,Wrong Size,2024-08-19
17120,6828,89,1,Damaged,2025-04-17
24648,9862,59,1,Damaged,2025-04-09
3774,1518,113,1,Late Delivery,2024-03-20
26304,10518,147,1,Not Needed,2025-04-30
3882,1559,128,1,Wrong Size,2024-07-06
22362,8949,142,1,Not Needed,2025-05-01
18713,7469,47,1,Damaged,2025-09-24
10752,4270,109,1,Not Needed,2025-11-08
11104,4408,51,1,Wrong Size,2025-01-03
4510,1808,94,1,Late Delivery,2024-11-22
27462,10958,53,1,Wrong Size,2024-02-14
3128,1263,96,1,Wrong Size,2024-12-06
666,275,37,1,Wrong Size,2025-07-11
2302,929,50,1,Damaged,2025-02-08
4057,1636,82,1,Not Needed,2025-03-30
22634,9064,100,1,Not Needed,2025-01-20
23712,9503,77,1,Not Needed,2024-05-14
1812,736,3,1,Not Needed,2025-07-20
20820,8314,125,1,Damaged,2024-10-07
23600,9457,105,1,Not Needed,2024-07-16
1999,807,3,1,Late Delivery,2024-10-21
23490,9411,84,1,Not Needed,2024-10-30
14019,5578,130,1,Damaged,2025-07-30
10428,4148,17,1,Wrong Size,2024-11-23
2500,1006,21,1,Not Needed,2024-04-28
14596,5823,65,1,Damaged,2024-07-04
12498,4976,57,1,Damaged,2024-06-13
18512,7386,174,1,Not Needed,2025-01-25
17969,7164,147,1,Not Needed,2024-11-10
26852,10726,49,1,Wrong Size,2024-02-05
24221,9700,171,1,Damaged,2025-06-17
20418,8151,48,1,Wrong Size,2025-12-23
20993,8381,146,1,Damaged,2025-02-04
16388,6532,22,1,Damaged,2025-09-20
1802,733,127,1,Damaged,2025-05-21
5178,2076,119,1,Damaged,2024-05-31
2809,1133,158,1,Not Needed,2025-10-03
13484,5363,16,1,Not Needed,2025-07-13
375,159,45,1,Wrong Size,2024-05-28
5356,2153,170,1,Damaged,2025-10-18
28760,11476,97,1,Damaged,2025-04-08
24263,9715,10,1,Not Needed,2025-08-26
17158,6843,97,1,Late Delivery,2025-08-18
9772,3891,110,1,Damaged,2025-09-27
17429,6950,167,1,Damaged,2025-12-16
20506,8186,75,1,Not Needed,2025-07-12
24161,9677,75,1,Not Needed,2025-07-01
15334,6111,18,1,Not Needed,2025-11-04
331,140,90,1,Wrong Size,2024-05-08
6120,2454,74,1,Late Delivery,2024-08-14
25903,10357,157,1,Damaged,2025-04-12
21982,8787,11,1,Not Needed,2025-07-05
20312,8110,66,1,Wrong Size,2025-02-16
9594,3820,139,1,Not Needed,2025-08-20
23146,9281,165,1,Damaged,2024-06-19
26513,10595,80,1,Late Delivery,2024-07-01
26255,10501,175,1,Wrong Size,2025-08-02
21171,8452,89,1,Damaged,2025-07-03
14125,5623,16,1,Late Delivery,2025-03-06
18477,7370,147,1,Wrong Size,2025-10-20
22822,9141,162,1,Late Delivery,2025-10-23
10290,4094,65,1,Damaged,2025-05-15
15320,6102,8,1,Wrong Size,2024-04-20
3532,1419,150,1,Damaged,2024-06-21
17760,7083,10,1,Not Needed,2025-01-12
20294,8101,42,1,Wrong Size,2026-01-09
18630,7432,133,1,Wrong Size,2024-06-04
23044,9236,68,1,Late Delivery,2025-09-13
19798,7900,88,1,Wrong Size,2024-08-06
7009,2803,1,1,Damaged,2024-10-10
4056,1636,167,1,Damaged,2024-07-04
10724,4262,179,1,Not Needed,2024-08-19
29573,11800,75,1,Damaged,2024-03-04
26916,10751,35,1,Not Needed,2024-02-24
12627,5026,127,1,Wrong Size,2024-02-10
6875,2751,76,1,Wrong Size,2025-03-23
15913,6341,131,1,Not Needed,2024-03-03
21872,8737,158,1,Not Needed,2024-12-17
10700,4251,167,1,Damaged,2025-03-28
17034,6791,176,1,Not Needed,2024-11-05
12511,4980,26,1,Late Delivery,2025-01-15
6956,2783,121,1,Damaged,2025-06-22
17171,6849,11,1,Not Needed,2025-12-04
14838,5916,76,1,Wrong Size,2025-01-17
8165,3258,96,1,Late Delivery,2025-12-19
2396,967,67,1,Not Needed,2025-12-20
20180,8057,180,1,Late Delivery,2024-07-18
17630,7029,78,1,Damaged,2025-05-10
26903,10746,170,1,Late Delivery,2025-09-06
18717,7471,17,1,Damaged,2025-01-25
8928,3555,78,1,Late Delivery,2025-10-25
7845,3137,77,1,Wrong Size,2024-11-14
15041,5994,100,1,Not Needed,2024-07-15
21138,8437,76,1,Not Needed,2024-08-18
10777,4280,12,1,Damaged,2025-03-15
16692,6651,145,1,Wrong Size,2025-12-28
28093,11217,68,1,Not Needed,2025-05-07
6753,2704,10,1,Damaged,2024-06-04
21448,8569,83,1,Late Delivery,2025-03-21
17526,6985,72,1,Damaged,2024-08-28
13173,5246,124,1,Late Delivery,2024-01-29
5281,2118,127,1,Wrong Size,2025-12-01
6587,2628,78,1,Damaged,2024-12-26
11666,4637,145,1,Not Needed,2024-12-08
13315,5300,114,1,Wrong Size,2025-03-30
6296,2517,154,1,Damaged,2025-05-19
21862,8732,105,1,Damaged,2024-11-24
19126,7633,114,1,Damaged,2025-09-26
19822,7908,127,1,Wrong Size,2025-10-10
15150,6037,79,1,Damaged,2024-05-20
15004,5980,29,1,Damaged,2024-05-02
12670,5041,135,1,Damaged,2025-02-23
3026,1219,61,1,Late Delivery,2024-09-15
9661,3845,104,1,Damaged,2024-08-07
26756,10688,110,1,Wrong Size,2025-06-26
13559,5394,85,1,Not Needed,2025-09-14
461,194,94,1,Damaged,2025-02-08
21420,8558,87,1,Not Needed,2025-06-20
1337,540,172,1,Not Needed,2025-09-11
12783,5087,148,1,Wrong Size,2025-01-10
13224,5265,177,1,Wrong Size,2025-12-27
14366,5728,122,1,Late Delivery,2024-07-17
3454,1387,23,1,Late Delivery,2024-03-18
13066,5202,48,1,Late Delivery,2024-05-08
26339,10531,57,1,Damaged,2024-10-06
3156,1272,75,1,Damaged,2025-11-13
25986,10393,125,1,Damaged,2024-10-07
17128,6830,107,1,Late Delivery,2025-04-19
27088,10816,170,1,Damaged,2025-05-07
24217,9698,125,1,Wrong Size,2025-10-08
6090,2440,63,1,Damaged,2025-08-27
19145,7642,162,1,Damaged,2024-09-21
25632,10252,71,1,Wrong Size,2025-03-21
1216,491,34,1,Damaged,2025-07-26
17261,6884,18,1,Late Delivery,2024-06-12
12949,5159,50,1,Damaged,2025-03-25
24250,9710,13,1,Late Delivery,2025-10-08
3994,1610,113,1,Late Delivery,2025-09-21
15505,6178,64,1,Damaged,2025-06-15
10976,4356,55,1,Not Needed,2024-11-15
7893,3158,32,1,Late Delivery,2024-05-19
19109,7628,154,1,Late Delivery,2024-08-03
10217,4064,112,1,Wrong Size,2025-07-11
12806,5099,127,1,Wrong Size,2025-06-18
19567,7809,41,1,Wrong Size,2024-04-09
29365,11714,99,1,Damaged,2024-08-26
5530,2217,77,1,Wrong Size,2025-08-14
2913,1177,34,1,Not Needed,2025-04-18
16863,6722,46,1,Not Needed,2025-03-24
4544,1821,66,1,Late Delivery,2025-11-29
23442,9394,16,1,Damaged,2025-11-07
4061,1637,49,1,Wrong Size,2024-11-14
12595,5013,66,1,Damaged,2025-07-10
20215,8073,156,1,Damaged,2025-12-02
4014,1618,160,1,Damaged,2024-02-21
20826,8315,36,1,Damaged,2024-02-11
29924,11948,78,1,Not Needed,2025-05-06
784,320,174,1,Wrong Size,2024-05-31
20894,8343,5,1,Wrong Size,2024-06-08
16935,6751,56,1,Wrong Size,2025-07-08
2089,843,166,1,Not Needed,2025-06-13
16514,6586,92,1,Damaged,2024-06-30
21909,8755,135,1,Damaged,2025-09-18
12880,5127,107,1,Not Needed,2025-05-06
10052,3998,34,1,Wrong Size,2024-12-28
28781,11485,114,1,Damaged,2024-12-15
12123,4826,151,1,Damaged,2025-02-27
21284,8501,39,1,Not Needed,2024-09-17
28955,11556,22,1,Wrong Size,2024-07-19
1526,617,45,1,Not Needed,2025-01-24
7206,2874,155,1,Wrong Size,2024-08-27
10491,4174,7,1,Damaged,2026-01-07
7918,3166,79,1,Damaged,2025-09-02
18273,7292,5,1,Wrong Size,2024-07-11
26937,10757,70,1,Not Needed,2025-11-10
24271,9718,5,1,Not Needed,2025-08-23
4523,1814,129,1,Wrong Size,2024-12-26
27220,10865,62,1,Late Delivery,2024-07-09
12915,5142,20,1,Not Needed,2024-03-05
15550,6195,67,1,Damaged,2025-07-15
10863,4315,156,1,Wrong Size,2025-04-25
14210,5662,69,1,Wrong Size,2024-02-06
22647,9070,40,1,Damaged,2025-11-16
6939,2777,5,1,Damaged,2025-09-01
4039,1628,128,1,Late Delivery,2024-05-22
2988,1204,73,1,Late Delivery,2025-04-14
8984,3574,77,1,Damaged,2025-12-17
5722,2286,124,1,Damaged,2024-12-30
3761,1514,152,1,Late Delivery,2025-07-27
22013,8799,31,1,Not Needed,2024-03-27
17939,7153,164,1,Not Needed,2025-08-21
25227,10085,43,1,Wrong Size,2025-05-12
28845,11510,77,1,Wrong Size,2024-07-20
4660,1869,135,1,Damaged,2025-12-09
13435,5344,119,1,Not Needed,2024-03-18
11843,4707,78,1,Not Needed,2025-10-19
16427,6548,29,1,Not Needed,2024-05-26
17312,6904,19,1,Not Needed,2026-01-17
28844,11510,5,1,Wrong Size,2025-01-13
21680,8661,111,1,Damaged,2025-03-17
7358,2942,4,1,Wrong Size,2025-04-09
11561,4598,40,1,Not Needed,2024-09-05
21442,8567,165,1,Damaged,2025-10-09
2694,1087,68,1,Not Needed,2025-05-29
19155,7647,145,1,Not Needed,2024-08-10
26703,10669,38,1,Not Needed,2025-08-22
14628,5835,110,1,Late Delivery,2024-07-26
28281,11292,167,1,Not Needed,2024-03-19
11230,4460,80,1,Wrong Size,2024-02-09
26428,10565,137,1,Damaged,2025-10-11
2139,861,148,1,Damaged,2024-08-17
10023,3986,56,1,Not Needed,2024-05-17
8386,3349,5,1,Not Needed,2024-04-07
24404,9770,68,1,Not Needed,2025-05-07
29748,11870,1,1,Late Delivery,2025-05-05
28922,11541,70,1,Not Needed,2025-10-25
17360,6923,125,1,Late Delivery,2025-09-18
5810,2325,83,1,Wrong Size,2025-05-18
29480,11761,112,1,Damaged,2025-07-01
22832,9145,20,1,Wrong Size,2024-02-19
7695,3075,78,1,Damaged,2025-10-07
15763,6283,114,1,Wrong Size,2025-04-07
11675,4642,160,1,Wrong Size,2025-03-28
11815,4694,126,1,Damaged,2025-08-13
15437,6152,18,1,Damaged,2025-02-03
18881,7534,101,1,Wrong Size,2024-03-05
4786,1916,114,1,Not Needed,2025-10-28
1604,653,28,1,Wrong Size,2024-01-29
16075,6408,3,1,Damaged,2025-07-18
26071,10430,31,1,Late Delivery,2025-05-21
24650,9863,72,1,Wrong Size,2025-08-14
18993,7581,6,1,Not Needed,2025-04-01
9096,3615,84,1,Damaged,2025-01-23
16151,6439,71,1,Not Needed,2025-07-17
29800,11892,145,1,Wrong Size,2025-05-26
17181,6852,58,1,Not Needed,2024-02-01
25255,10097,126,1,Not Needed,2024-12-22
5608,2244,24,1,Wrong Size,2024-11-26
21511,8595,5,1,Damaged,2026-02-01
16724,6666,84,1,Not Needed,2025-06-21
8335,3325,143,1,Damaged,2024-09-23
18427,7352,145,1,Wrong Size,2025-04-02
5571,2230,75,1,Not Needed,2024-12-01
13294,5294,25,1,Damaged,2024-02-21
26090,10437,147,1,Damaged,2025-05-05
19838,7915,62,1,Damaged,2025-02-08
9583,3815,30,1,Wrong Size,2024-11-16
9058,3600,105,1,Wrong Size,2025-07-31
27251,10877,59,1,Wrong Size,2025-04-30
17124,6829,133,1,Not Needed,2025-08-29
14726,5871,111,1,Wrong Size,2024-09-23
21436,8564,26,1,Damaged,2025-02-17
11123,4419,90,1,Damaged,2024-07-18
5480,2200,153,1,Wrong Size,2024-05-09
13738,5468,178,1,Damaged,2024-09-16
14513,5791,132,1,Damaged,2025-05-14
28591,11409,9,1,Wrong Size,2024-02-14
19358,7726,19,1,Not Needed,2024-07-15
18485,7373,159,1,Damaged,2025-12-24
11408,4532,103,1,Late Delivery,2024-03-31
25296,10113,9,1,Late Delivery,2024-12-31
29713,11854,72,1,Not Needed,2024-06-29
9013,3584,46,1,Damaged,2025-10-26
23956,9593,138,1,Late Delivery,2024-04-02
25971,10387,3,1,Wrong Size,2025-08-08
553,230,110,1,Not Needed,2025-05-17
17446,6956,34,1,Damaged,2024-02-13
26492,10586,88,1,Not Needed,2025-07-18
10478,4170,126,1,Wrong Size,2024-12-17
10987,4360,108,1,Not Needed,2024-10-31
28249,11280,165,1,Damaged,2024-02-03
21347,8528,132,1,Damaged,2025-05-27
12500,4976,24,1,Not Needed,2025-05-25
13877,5522,90,1,Wrong Size,2025-07-26
25536,10211,77,1,Damaged,2025-02-06
2837,1145,6,1,Late Delivery,2024-09-13
16003,6379,126,1,Damaged,2024-10-14
24767,9905,128,1,Damaged,2024-03-20
4431,1776,117,1,Not Needed,2025-04-18
18992,7580,49,1,Damaged,2025-12-11
29615,11813,34,1,Wrong Size,2026-01-09
20217,8074,130,1,Late Delivery,2024-04-01
18776,7492,170,1,Wrong Size,2025-03-28
12185,4847,48,1,Late Delivery,2025-11-17
24116,9658,24,1,Late Delivery,2024-05-20
22683,9086,147,1,Wrong Size,2025-09-29
2103,847,66,1,Not Needed,2025-09-04
19907,7943,20,1,Wrong Size,2024-03-27
11917,4732,118,1,Wrong Size,2025-01-25
1203,487,110,1,Damaged,2024-01-31
6117,2453,83,1,Damaged,2024-10-16
16726,6668,52,1,Wrong Size,2025-09-16
8129,3243,99,1,Damaged,2024-06-25
20323,8114,88,1,Damaged,2024-04-01
4495,1802,154,1,Wrong Size,2025-05-05
1831,742,36,1,Damaged,2024-01-31
16510,6584,149,1,Damaged,2025-07-30
19415,7750,77,1,Damaged,2025-03-07
11898,4726,48,1,Damaged,2024-03-17
22995,9214,155,1,Not Needed,2025-04-12
21445,8568,143,1,Not Needed,2025-10-28
4235,1704,89,1,Damaged,2024-07-23
20736,8279,103,1,Damaged,2025-06-13
20676,8257,168,1,Wrong Size,2024-07-13
12102,4818,79,1,Damaged,2024-05-12
17117,6827,21,1,Damaged,2025-04-13
21084,8417,113,1,Late Delivery,2025-03-02
2415,973,157,1,Damaged,2025-09-01
13002,5178,107,1,Damaged,2024-08-30
18035,7192,49,1,Damaged,2025-11-10
10785,4283,43,1,Damaged,2024-12-21
21635,8641,58,1,Damaged,2025-09-18
13495,5367,13,1,Wrong Size,2024-08-02
25130,10049,132,1,Not Needed,2025-08-10
23071,9247,14,1,Late Delivery,2024-09-24
22343,8939,166,1,Damaged,2024-06-09
5756,2302,140,1,Damaged,2025-10-10
4811,1926,151,1,Wrong Size,2025-02-26
18658,7446,18,1,Damaged,2024-08-19
27029,10792,128,1,Damaged,2024-01-13
28750,11472,170,1,Late Delivery,2025-09-30
542,225,44,1,Not Needed,2025-10-22
11875,4717,123,1,Damaged,2025-01-16
27863,11125,115,1,Wrong Size,2025-03-02
15807,6300,108,1,Not Needed,2024-09-13
20328,8117,180,1,Wrong Size,2025-03-25
11514,4579,52,1,Damaged,2025-12-09
15266,6082,73,1,Not Needed,2025-11-01
24981,9992,54,1,Not Needed,2025-03-13
27975,11166,96,1,Late Delivery,2024-09-19
22580,9038,67,1,Damaged,2025-11-19
11539,4590,47,1,Damaged,2025-11-13
10150,4035,147,1,Damaged,2025-08-22
23629,9471,98,1,Damaged,2025-09-20
22365,8950,143,1,Damaged,2024-08-11
18185,7256,23,1,Not Needed,2024-08-02
15194,6054,70,1,Not Needed,2025-07-17
10642,4229,180,1,Damaged,2025-09-19
21766,8694,147,1,Late Delivery,2025-11-05
21422,8559,123,1,Late Delivery,2024-07-28
22652,9072,77,1,Wrong Size,2025-01-22
15042,5995,34,1,Damaged,2024-04-13
13973,5561,44,1,Damaged,2024-08-11
20891,8342,59,1,Not Needed,2024-11-02
8961,3566,33,1,Wrong Size,2024-02-18
21250,8487,73,1,Wrong Size,2025-11-12
29441,11744,33,1,Not Needed,2024-11-06
2087,842,82,1,Not Needed,2025-11-08
17561,6998,12,1,Damaged,2025-12-19
17235,6873,158,1,Not Needed,2025-06-06
29883,11929,171,1,Late Delivery,2025-08-08
7488,2995,35,1,Damaged,2024-11-16
15185,6049,169,1,Damaged,2025-11-16
17978,7167,18,1,Damaged,2024-07-31
4358,1752,126,1,Damaged,2024-02-16
22887,9168,170,1,Late Delivery,2024-07-30
4754,1906,153,1,Not Needed,2024-08-13
6685,2673,136,1,Damaged,2025-01-14
15142,6034,64,1,Late Delivery,2025-05-09
6465,2584,73,1,Damaged,2025-12-21
19425,7757,120,1,Damaged,2025-12-17
29239,11664,156,1,Damaged,2025-11-19
20817,8312,133,1,Damaged,2024-03-11
27723,11066,58,1,Not Needed,2025-03-15
11016,4376,79,1,Wrong Size,2025-01-02
6124,2455,89,1,Wrong Size,2025-08-25
48,19,126,1,Not Needed,2025-08-17
15989,6375,107,1,Not Needed,2024-03-11
8717,3471,33,1,Wrong Size,2024-07-23
21870,8736,72,1,Damaged,2025-08-14
24989,9994,117,1,Not Needed,2025-06-05
2452,987,149,1,Not Needed,2024-03-07
3192,1288,102,1,Not Needed,2024-07-31
18073,7206,24,1,Damaged,2024-03-31
26348,10535,11,1,Not Needed,2024-09-10
24550,9827,126,1,Wrong Size,2025-12-23
7448,2977,43,1,Damaged,2024-09-22
17201,6859,28,1,Damaged,2025-08-08
1296,525,133,1,Wrong Size,2024-11-01
6883,2755,40,1,Damaged,2025-09-23
11793,4686,3,1,Not Needed,2024-04-28
8972,3570,40,1,Wrong Size,2025-07-12
25736,10291,32,1,Wrong Size,2024-09-23
14169,5642,116,1,Damaged,2024-11-28
4832,1935,8,1,Wrong Size,2025-12-13
11645,4629,120,1,Not Needed,2024-01-30
19977,7976,88,1,Late Delivery,2024-03-12
14521,5797,51,1,Wrong Size,2024-06-20
13790,5485,173,1,Damaged,2025-04-26
28635,11425,26,1,Wrong Size,2024-07-16
6269,2508,180,1,Wrong Size,2024-06-28
16628,6629,138,1,Wrong Size,2025-07-10
6327,2527,149,1,Damaged,2026-01-14
10096,4014,56,1,Not Needed,2025-08-22
28751,11472,131,1,Wrong Size,2025-01-27
8528,3394,24,1,Not Needed,2024-02-29
29089,11606,169,1,Wrong Size,2024-08-27
24269,9717,68,1,Damaged,2025-03-14
11453,4553,164,1,Wrong Size,2025-04-28
16642,6633,21,1,Damaged,2025-08-31
2746,1111,20,1,Damaged,2025-04-18
8397,3353,41,1,Not Needed,2024-12-03
3072,1239,175,1,Late Delivery,2024-12-05
2945,1189,158,1,Not Needed,2025-01-14
9108,3619,64,1,Late Delivery,2024-02-06
17220,6867,80,1,Wrong Size,2024-05-17
1693,687,25,1,Damaged,2025-10-21
22332,8934,90,1,Late Delivery,2024-04-26
7,3,12,1,Damaged,2025-12-07
11682,4644,54,1,Damaged,2025-12-12
9740,3878,98,1,Late Delivery,2024-08-11
15832,6310,116,1,Not Needed,2025-02-24
29793,11890,30,1,Late Delivery,2024-06-06
19436,7761,146,1,Not Needed,2025-04-30
12463,4959,82,1,Not Needed,2024-09-03
1484,597,37,1,Damaged,2024-12-25
106,42,135,1,Not Needed,2025-11-11
9373,3728,111,1,Damaged,2025-12-15
6859,2743,66,1,Damaged,2024-12-09
23252,9323,69,1,Late Delivery,2024-09-17
4750,1904,62,1,Not Needed,2025-05-03
4797,1920,178,1,Damaged,2024-06-02
5606,2243,145,1,Not Needed,2024-04-19
13432,5343,93,1,Wrong Size,2024-11-25
23477,9407,5,1,Late Delivery,2024-05-16
26357,10539,88,1,Wrong Size,2025-12-06
15782,6290,135,1,Damaged,2025-02-21
27289,10892,69,1,Not Needed,2025-12-29
14057,5593,124,1,Late Delivery,2025-07-07
18765,7488,18,1,Wrong Size,2025-06-22
20086,8022,87,1,Late Delivery,2025-09-27
17622,7027,85,1,Damaged,2025-11-15
923,373,141,1,Not Needed,2025-10-25
11495,4571,45,1,Not Needed,2024-09-06
12265,4880,79,1,Not Needed,2024-09-04
4589,1841,88,1,Damaged,2025-08-17
8855,3523,85,1,Wrong Size,2025-07-01
22535,9020,94,1,Not Needed,2024-03-02
10695,4249,107,1,Late Delivery,2025-12-21
11360,4511,83,1,Not Needed,2025-05-05
1569,636,175,1,Late Delivery,2024-04-16
26273,10507,162,1,Not Needed,2025-05-20
9412,3743,142,1,Wrong Size,2025-10-03
27611,11022,109,1,Not Needed,2024-08-27
15099,6018,119,1,Not Needed,2025-05-23
6920,2770,24,1,Not Needed,2025-08-17
11214,4453,35,1,Damaged,2024-05-10
2975,1198,152,1,Wrong Size,2025-02-11
12629,5027,158,1,Damaged,2025-08-29
26534,10604,90,1,Damaged,2025-09-27
16102,6419,111,1,Damaged,2025-11-26
2993,1206,180,1,Late Delivery,2025-12-04
24961,9984,179,1,Damaged,2025-02-26
16175,6448,68,1,Damaged,2025-12-23
28650,11430,172,1,Late Delivery,2024-12-11
25062,10023,100,1,Not Needed,2024-04-24
7245,2894,114,1,Not Needed,2025-03-17
12903,5138,131,1,Damaged,2024-11-27
16233,6474,143,1,Not Needed,2024-06-21
20794,8304,164,1,Wrong Size,2024-12-12
10131,4026,34,1,Damaged,2025-04-27
7184,2867,86,1,Wrong Size,2025-05-03
18593,7417,7,1,Wrong Size,2024-09-12
28938,11547,154,1,Not Needed,2024-03-19
10784,4283,109,1,Damaged,2025-12-03
21939,8766,125,1,Damaged,2024-08-20
16036,6393,93,1,Late Delivery,2025-04-03
21368,8539,67,1,Late Delivery,2024-11-15
16098,6417,21,1,Not Needed,2024-12-29
22399,8962,172,1,Wrong Size,2024-08-29
9553,3803,141,1,Damaged,2024-06-05
20124,8037,152,1,Late Delivery,2025-08-22
9595,3820,32,1,Late Delivery,2025-11-08
5413,2175,56,1,Late Delivery,2024-10-09
23758,9520,40,1,Not Needed,2024-10-03
21593,8626,141,1,Not Needed,2025-11-01
23593,9454,13,1,Late Delivery,2024-09-27
21879,8739,68,1,Not Needed,2025-04-11
5782,2313,21,1,Not Needed,2025-06-30
1801,732,74,1,Not Needed,2025-05-03
11745,4667,30,1,Wrong Size,2025-07-15
23020,9225,178,1,Damaged,2024-11-05
16071,6407,105,1,Wrong Size,2024-02-18
25973,10388,94,1,Not Needed,2024-06-08
7227,2885,175,1,Not Needed,2024-12-20
20816,8312,169,1,Wrong Size,2025-02-14
25396,10154,35,1,Late Delivery,2025-11-12
11994,4770,126,1,Damaged,2024-04-26
2313,933,23,1,Not Needed,2025-08-20
26575,10620,119,1,Late Delivery,2025-11-06
15514,6180,67,1,Late Delivery,2025-07-27
17132,6831,84,1,Damaged,2024-05-20
26802,10707,128,1,Not Needed,2024-09-21
22204,8880,89,1,Late Delivery,2024-03-28
26825,10716,16,1,Damaged,2025-06-25
22232,8895,35,1,Wrong Size,2024-10-26
11641,4627,169,1,Wrong Size,2025-03-24
11659,4634,138,1,Not Needed,2025-11-07
18783,7495,97,1,Late Delivery,2025-12-12
427,180,169,1,Not Needed,2024-11-24
20266,8091,65,1,Wrong Size,2024-05-05
21513,8595,119,1,Damaged,2024-04-17
27382,10925,68,1,Damaged,2025-12-04
24552,9828,154,1,Wrong Size,2025-07-23
18051,7197,69,1,Damaged,2025-09-15
11614,4617,90,1,Late Delivery,2024-07-22
16251,6480,18,1,Wrong Size,2025-03-30
16797,6694,101,1,Damaged,2024-04-04
25644,10256,12,1,Wrong Size,2025-05-25
22578,9037,164,1,Wrong Size,2025-10-09
11720,4659,81,1,Wrong Size,2025-04-28
8878,3533,59,1,Damaged,2024-07-08
7961,3185,99,1,Wrong Size,2025-10-05
9576,3813,112,1,Wrong Size,2025-12-20
25543,10213,3,1,Damaged,2025-04-24
24015,9618,164,1,Wrong Size,2025-10-11
12997,5176,83,1,Not Needed,2024-03-16
13492,5366,29,1,Wrong Size,2024-09-29
18648,7442,138,1,Late Delivery,2024-10-11
19352,7724,47,1,Not Needed,2024-07-07
3458,1389,156,1,Damaged,2025-04-16
14948,5958,48,1,Wrong Size,2025-11-06
14457,5767,25,1,Damaged,2025-04-27
5978,2396,173,1,Damaged,2025-06-27
21980,8786,98,1,Damaged,2025-02-28
20713,8269,135,1,Wrong Size,2024-11-19
7416,2964,40,1,Damaged,2024-10-24
6830,2735,37,1,Damaged,2024-04-27
18466,7367,17,1,Wrong Size,2024-08-22
11182,4441,127,1,Not Needed,2025-04-26
12058,4800,165,1,Damaged,2024-10-07
14981,5970,112,1,Not Needed,2025-01-17
19361,7727,61,1,Late Delivery,2025-02-26
8267,3300,69,1,Damaged,2026-01-16
8873,3531,14,1,Late Delivery,2025-04-25
12273,4882,24,1,Wrong Size,2024-06-01
1966,793,119,1,Late Delivery,2025-06-06
10323,4105,89,1,Late Delivery,2024-12-25
17213,6864,29,1,Damaged,2025-04-02
27232,10871,34,1,Late Delivery,2024-11-07
20268,8092,84,1,Wrong Size,2025-01-28
14110,5618,151,1,Late Delivery,2024-12-12
6768,2709,12,1,Late Delivery,2025-04-15
26812,10711,34,1,Wrong Size,2024-07-12
21411,8554,25,1,Damaged,2024-12-11
10268,4085,65,1,Wrong Size,2024-02-17
14395,5738,30,1,Damaged,2024-03-24
26837,10721,53,1,Damaged,2024-02-14
23250,9322,55,1,Wrong Size,2025-12-31
2577,1038,178,1,Late Delivery,2025-01-21
7743,3094,107,1,Not Needed,2025-12-03
291,120,19,1,Wrong Size,2024-10-11
1977,796,81,1,Damaged,2025-03-15
29146,11632,177,1,Wrong Size,2025-08-30
6656,2660,119,1,Damaged,2024-01-27
7794,3114,10,1,Damaged,2025-12-04
13346,5310,72,1,Wrong Size,2025-03-22
16246,6479,91,1,Wrong Size,2024-08-21
29888,11932,134,1,Not Needed,2025-10-17
18153,7242,50,1,Wrong Size,2025-10-15
14941,5956,57,1,Not Needed,2025-01-18
1451,586,57,1,Late Delivery,2025-10-20
5064,2031,42,1,Wrong Size,2025-09-20
4868,1949,156,1,Late Delivery,2025-01-06
16456,6561,69,1,Damaged,2024-02-13
5736,2293,19,1,Damaged,2025-02-21
12956,5161,7,1,Not Needed,2026-01-24
15410,6142,163,1,Late Delivery,2025-06-06
25525,10204,56,1,Late Delivery,2025-11-07
16732,6669,51,1,Not Needed,2024-10-02
6012,2410,128,1,Late Delivery,2025-04-13
18949,7563,107,1,Wrong Size,2025-04-09
17150,6839,113,1,Not Needed,2024-11-23
14563,5811,151,1,Not Needed,2024-01-24
4487,1799,146,1,Wrong Size,2024-10-19
1565,634,26,1,Damaged,2024-07-20
18753,7484,57,1,Not Needed,2024-10-31
27846,11119,49,1,Late Delivery,2024-08-13
24804,9922,57,1,Wrong Size,2025-02-14
5539,2220,64,1,Damaged,2025-02-11
26088,10436,157,1,Wrong Size,2025-07-01
2330,938,44,1,Wrong Size,2024-04-22
23138,9276,68,1,Not Needed,2024-07-25
11747,4668,162,1,Not Needed,2025-11-18
28789,11488,96,1,Wrong Size,2024-06-16
18034,7192,103,1,Wrong Size,2024-10-31
29495,11769,52,1,Late Delivery,2025-10-15
19933,7956,99,1,Wrong Size,2024-05-11
22175,8868,85,1,Damaged,2025-02-27
24971,9987,26,1,Not Needed,2024-10-15
29681,11840,108,1,Damaged,2024-07-20
19199,7666,32,1,Late Delivery,2025-04-15
2436,982,72,1,Not Needed,2025-10-17
6996,2799,151,1,Damaged,2024-03-30
22668,9080,73,1,Not Needed,2025-11-21
8243,3289,140,1,Wrong Size,2024-04-12
17816,7104,94,1,Damaged,2024-06-05
26687,10664,95,1,Wrong Size,2025-10-12
23413,9381,122,1,Wrong Size,2024-06-09
22883,9167,46,1,Not Needed,2024-01-25
26980,10774,15,1,Not Needed,2025-01-18
28056,11201,128,1,Damaged,2024-04-10
6143,2461,21,1,Not Needed,2024-07-13
8082,3228,14,1,Wrong Size,2025-09-18
10346,4118,62,1,Late Delivery,2024-08-03
30019,11985,28,1,Late Delivery,2024-04-27
22727,9103,127,1,Damaged,2024-07-31
11288,4484,101,1,Damaged,2024-08-18
22693,9090,101,1,Damaged,2025-07-20
4238,1705,28,1,Damaged,2024-10-25
613,255,175,1,Wrong Size,2024-09-06
12748,5075,53,1,Not Needed,2025-12-30
20239,8082,98,1,Late Delivery,2025-01-07
15932,6349,179,1,Damaged,2025-08-07
27844,11118,174,1,Not Needed,2025-02-11
13096,5216,93,1,Damaged,2024-05-15
25686,10272,76,1,Damaged,2024-07-27
12245,4872,94,1,Not Needed,2025-07-27
16535,6592,127,1,Damaged,2024-07-01
29123,11621,130,1,Not Needed,2024-10-10
8311,3317,98,1,Late Delivery,2025-04-20
3346,1346,140,1,Damaged,2025-09-22
8735,3476,66,1,Wrong Size,2025-03-01
27939,11151,3,1,Damaged,2025-05-25
6898,2762,98,1,Wrong Size,2025-07-05
5583,2235,34,1,Not Needed,2026-01-17
20279,8096,161,1,Not Needed,2025-01-27
3998,1612,68,1,Late Delivery,2024-10-17
13679,5446,124,1,Damaged,2024-07-22
11066,4394,17,1,Wrong Size,2025-07-13
29117,11618,38,1,Not Needed,2025-06-24
265,107,59,1,Late Delivery,2024-10-02
9614,3828,142,1,Wrong Size,2025-06-24
29930,11950,117,1,Wrong Size,2024-12-11
24624,9854,116,1,Late Delivery,2025-09-17
7079,2830,37,1,Not Needed,2025-05-25
9090,3613,53,1,Wrong Size,2025-02-01
28597,11412,6,1,Damaged,2024-03-22
17493,6972,107,1,Late Delivery,2024-03-09
5344,2147,21,1,Damaged,2025-07-29
25809,10324,119,1,Damaged,2025-03-27
17626,7028,106,1,Wrong Size,2025-06-12
15545,6192,52,1,Damaged,2024-10-10
10022,3986,136,1,Late Delivery,2024-09-20
16418,6545,44,1,Not Needed,2025-01-07
24128,9662,59,1,Damaged,2025-08-17
16062,6405,148,1,Not Needed,2024-11-02
29731,11861,54,1,Late Delivery,2025-09-13
14997,5977,172,1,Damaged,2024-09-25
28504,11375,22,1,Damaged,2025-07-18
29901,11938,41,1,Damaged,2024-07-12
9545,3801,52,1,Late Delivery,2025-04-11
28814,11499,100,1,Wrong Size,2025-11-19
6872,2749,6,1,Not Needed,2025-03-27
8204,3273,166,1,Wrong Size,2024-05-11
24751,9899,6,1,Wrong Size,2025-05-17
23765,9522,49,1,Not Needed,2025-07-11
2292,926,43,1,Damaged,2025-10-31
15762,6282,78,1,Damaged,2024-03-10
28752,11473,171,1,Not Needed,2024-12-26
29104,11614,59,1,Not Needed,2024-06-03
1553,628,141,1,Wrong Size,2024-11-18
22040,8810,56,1,Not Needed,2025-08-19
6624,2644,144,1,Damaged,2025-01-05
5476,2199,124,1,Wrong Size,2025-03-01
15968,6366,46,1,Late Delivery,2025-06-28
27511,10980,80,1,Damaged,2025-08-25
6061,2430,106,1,Damaged,2025-11-09
20948,8365,41,1,Wrong Size,2025-11-14
18515,7387,111,1,Not Needed,2025-11-13
16521,6588,146,1,Not Needed,2025-10-19
20678,8258,149,1,Not Needed,2025-08-29
14768,5889,12,1,Not Needed,2025-03-13
16551,6598,143,1,Not Needed,2025-06-21
22640,9067,98,1,Damaged,2025-10-23
21648,8647,82,1,Late Delivery,2025-08-21
14507,5790,48,1,Wrong Size,2025-07-11
13163,5243,177,1,Wrong Size,2025-03-28
14784,5895,23,1,Damaged,2025-10-13
13360,5317,11,1,Wrong Size,2024-06-05
24839,9935,52,1,Not Needed,2025-10-30
5133,2057,68,1,Damaged,2025-05-23
914,370,133,1,Late Delivery,2025-07-21
982,396,147,1,Damaged,2024-11-29
11470,4561,90,1,Wrong Size,2025-03-20
23832,9546,88,1,Wrong Size,2025-10-09
24863,9943,164,1,Not Needed,2024-03-21
15924,6346,108,1,Not Needed,2024-11-05
24305,9731,9,1,Wrong Size,2024-09-04
11163,4431,23,1,Not Needed,2025-04-25
28091,11216,172,1,Late Delivery,2024-10-01
19138,7638,100,1,Not Needed,2025-12-06
13976,5562,66,1,Late Delivery,2024-11-21
8576,3415,44,1,Not Needed,2024-08-12
26147,10460,26,1,Not Needed,2025-10-06
13147,5237,134,1,Wrong Size,2025-07-18
8968,3569,93,1,Not Needed,2025-12-09
23954,9592,62,1,Wrong Size,2024-12-16
10107,4017,78,1,Damaged,2025-10-20
29283,11680,24,1,Damaged,2025-05-27
23299,9341,11,1,Not Needed,2024-03-07
19271,7692,138,1,Damaged,2025-08-18
6081,2436,66,1,Damaged,2024-04-10
9929,3950,72,1,Wrong Size,2025-09-20
29306,11688,123,1,Not Needed,2025-03-27
6839,2737,5,1,Not Needed,2025-11-15
25415,10160,29,1,Late Delivery,2025-09-04
211,85,99,1,Damaged,2026-01-03
28011,11180,78,1,Wrong Size,2024-02-29
17958,7159,53,1,Damaged,2024-10-27
18778,7494,176,1,Damaged,2025-12-29
988,398,160,1,Damaged,2025-12-20
8220,3278,154,1,Not Needed,2024-03-11
7475,2990,176,1,Late Delivery,2025-09-14
25424,10162,176,1,Damaged,2025-08-22
3662,1472,147,1,Damaged,2026-01-13
1642,666,134,1,Not Needed,2025-10-05
20206,8069,44,1,Late Delivery,2025-05-09
2856,1153,55,1,Wrong Size,2024-02-12
381,162,77,1,Wrong Size,2025-07-08
2771,1120,98,1,Late Delivery,2024-06-29
28757,11475,13,1,Damaged,2025-02-21
19539,7801,141,1,Late Delivery,2025-09-12
29337,11701,57,1,Damaged,2024-11-25
14678,5853,135,1,Damaged,2025-10-24
4394,1763,73,1,Not Needed,2025-04-27
27365,10919,10,1,Late Delivery,2024-02-22
21020,8390,125,1,Damaged,2024-08-25
5966,2391,124,1,Damaged,2024-07-18
2309,932,129,1,Damaged,2024-04-23
21887,8746,85,1,Damaged,2025-11-19
756,308,91,1,Damaged,2024-03-21
26805,10708,64,1,Damaged,2024-11-21
15300,6096,114,1,Late Delivery,2025-03-03
25819,10328,164,1,Damaged,2025-02-06
4931,1973,77,1,Not Needed,2024-08-25
941,379,90,1,Wrong Size,2025-10-07
1508,609,126,1,Late Delivery,2024-12-21
21555,8609,165,1,Damaged,2026-01-22
26053,10422,77,1,Damaged,2024-08-09
26243,10496,38,1,Damaged,2026-01-22
2326,937,165,1,Damaged,2026-01-18
28305,11301,99,1,Wrong Size,2024-05-14
12060,4801,75,1,Not Needed,2024-08-25
19644,7838,11,1,Damaged,2024-03-26
5912,2367,17,1,Not Needed,2025-12-03
7372,2946,26,1,Late Delivery,2024-11-13
587,243,127,1,Wrong Size,2026-01-03
2672,1076,32,1,Wrong Size,2025-04-06
232,94,5,1,Damaged,2024-08-09
6123,2454,139,1,Damaged,2024-08-22
18020,7185,47,1,Wrong Size,2024-11-13
5832,2333,95,1,Not Needed,2025-10-22
10918,4333,7,1,Wrong Size,2025-09-16
9351,3717,177,1,Wrong Size,2025-10-12
27839,11116,66,1,Not Needed,2024-02-26
5425,2179,7,1,Damaged,2025-05-01
17423,6948,66,1,Damaged,2024-02-17
25508,10197,103,1,Wrong Size,2025-11-01
10555,4196,110,1,Not Needed,2024-01-13
13444,5347,144,1,Not Needed,2025-04-27
2063,830,23,1,Late Delivery,2024-01-29
129,54,72,1,Wrong Size,2025-07-04
13279,5287,2,1,Wrong Size,2024-08-04
2135,859,144,1,Damaged,2024-07-23
15637,6233,101,1,Not Needed,2025-10-27
20287,8099,64,1,Wrong Size,2025-07-20
9029,3589,177,1,Not Needed,2025-04-22
2556,1029,23,1,Wrong Size,2024-03-08
26577,10622,89,1,Not Needed,2024-05-10
24922,9969,137,1,Not Needed,2024-09-27
24799,9919,159,1,Damaged,2025-06-26
27101,10821,144,1,Not Needed,2025-07-01
10758,4272,170,1,Wrong Size,2025-01-31
18008,7177,148,1,Damaged,2025-01-18
2344,943,47,1,Not Needed,2025-10-01
29882,11929,18,1,Damaged,2024-04-05
13013,5183,92,1,Not Needed,2025-10-23
18642,7439,174,1,Not Needed,2025-04-03
12721,5063,174,1,Not Needed,2025-09-19
19623,7832,41,1,Late Delivery,2024-05-05
25435,10167,67,1,Damaged,2024-04-11
13039,5192,127,1,Damaged,2026-01-20
18985,7578,66,1,Not Needed,2024-09-15
13304,5297,30,1,Late Delivery,2024-06-06
13382,5326,24,1,Not Needed,2025-09-21
4633,1858,52,1,Damaged,2024-09-01
8115,3238,53,1,Damaged,2024-05-06
12129,4828,40,1,Late Delivery,2024-08-20
19324,7714,11,1,Late Delivery,2024-11-09
13958,5554,175,1,Wrong Size,2024-09-02
15537,6189,117,1,Wrong Size,2024-05-24
9849,3920,19,1,Wrong Size,2025-01-10
10354,4121,135,1,Damaged,2024-03-19
22889,9169,162,1,Damaged,2024-10-06
10077,4005,49,1,Not Needed,2024-04-11
17458,6961,78,1,Damaged,2025-01-17
23810,9537,160,1,Not Needed,2024-02-03
16553,6599,57,1,Not Needed,2025-06-19
13809,5493,150,1,Not Needed,2024-03-19
29369,11715,103,1,Late Delivery,2024-06-19
619,257,45,1,Damaged,2024-08-23
24518,9811,117,1,Late Delivery,2025-03-16
28119,11229,174,1,Damaged,2025-09-17
14540,5803,79,1,Damaged,2024-08-25
9786,3895,31,1,Wrong Size,2026-01-25
54,22,59,1,Wrong Size,2024-03-23
18288,7298,55,1,Late Delivery,2025-05-16
8779,3493,30,1,Not Needed,2024-04-07
22719,9099,94,1,Damaged,2025-08-21
9712,3867,60,1,Wrong Size,2024-03-24
15092,6014,68,1,Late Delivery,2024-02-11
5304,2129,101,1,Not Needed,2025-10-03
25232,10086,145,1,Not Needed,2024-08-01
9111,3619,2,1,Wrong Size,2025-12-22
10235,4071,89,1,Not Needed,2025-03-06
28539,11391,163,1,Not Needed,2024-06-24
11658,4634,24,1,Late Delivery,2024-09-21
28193,11261,107,1,Damaged,2025-02-09
14855,5923,7,1,Wrong Size,2024-01-11
29388,11722,94,1,Late Delivery,2025-11-12
5103,2046,177,1,Not Needed,2024-11-02
15313,6100,34,1,Late Delivery,2025-01-11
4681,1878,46,1,Wrong Size,2025-08-23
7062,2823,73,1,Not Needed,2024-10-05
27779,11092,113,1,Not Needed,2024-04-29
21379,8543,98,1,Wrong Size,2025-01-08
23721,9506,122,1,Damaged,2025-01-14
24183,9685,44,1,Late Delivery,2025-03-18
28602,11413,112,1,Wrong Size,2025-08-19
27805,11101,152,1,Wrong Size,2024-07-10
28947,11552,61,1,Damaged,2025-05-04
26723,10675,21,1,Late Delivery,2025-11-05
2947,1190,20,1,Late Delivery,2025-07-12
10654,4233,50,1,Wrong Size,2025-01-22
4450,1783,91,1,Damaged,2025-01-11
5252,2105,45,1,Late Delivery,2024-06-02
21829,8721,97,1,Damaged,2024-03-08
11010,4373,87,1,Damaged,2025-12-17
14190,5653,145,1,Not Needed,2024-09-09
3290,1324,91,1,Damaged,2025-06-07
20623,8234,72,1,Late Delivery,2026-01-04
23822,9542,1,1,Damaged,2024-04-11
22903,9173,41,1,Damaged,2024-10-31
19014,7587,176,1,Wrong Size,2025-07-31
29268,11676,14,1,Wrong Size,2024-01-30
27934,11149,51,1,Not Needed,2024-05-09
26586,10626,149,1,Damaged,2025-10-06
27986,11171,108,1,Not Needed,2025-11-11
29258,11671,58,1,Damaged,2024-12-16
23417,9382,22,1,Wrong Size,2025-09-08
2536,1021,2,1,Not Needed,2024-10-06
8192,3268,53,1,Wrong Size,2025-06-06
13800,5489,44,1,Wrong Size,2024-04-01
26898,10744,21,1,Damaged,2024-04-05
13070,5204,35,1,Wrong Size,2025-07-12
3209,1295,167,1,Not Needed,2025-01-03
18293,7300,18,1,Damaged,2024-08-20
18817,7510,63,1,Late Delivery,2024-01-16
29017,11578,178,1,Damaged,2025-08-17
18489,7375,145,1,Damaged,2025-11-21
27115,10826,117,1,Wrong Size,2024-02-12
11340,4504,48,1,Not Needed,2025-05-05
6843,2739,149,1,Late Delivery,2024-07-22
10386,4133,130,1,Not Needed,2025-11-20
17527,6985,102,1,Not Needed,2024-11-20
4636,1860,102,1,Damaged,2024-06-10
26298,10516,149,1,Late Delivery,2025-11-16
1402,570,60,1,Not Needed,2025-04-02
14098,5611,90,1,Wrong Size,2025-08-28
25874,10347,87,1,Not Needed,2025-09-02
25893,10354,162,1,Damaged,2024-07-08
2051,826,48,1,Damaged,2024-02-05
12009,4776,105,1,Not Needed,2024-11-01
15353,6118,87,1,Late Delivery,2024-05-22
8294,3310,70,1,Damaged,2024-04-23
9865,3926,143,1,Damaged,2025-10-04
431,182,66,1,Damaged,2024-07-05
19584,7815,142,1,Wrong Size,2024-07-07
12706,5057,46,1,Not Needed,2025-12-10
2284,921,38,1,Not Needed,2025-01-12
21946,8768,161,1,Damaged,2024-07-23
19816,7906,90,1,Damaged,2025-01-31
7195,2870,44,1,Not Needed,2025-04-03
28717,11457,5,1,Damaged,2025-05-29
20368,8133,125,1,Damaged,2025-01-01
16669,6643,120,1,Damaged,2024-04-23
18744,7480,2,1,Not Needed,2024-05-02
9990,3974,143,1,Wrong Size,2025-01-19
11152,4428,22,1,Late Delivery,2025-11-14
13052,5196,87,1,Damaged,2024-03-22
5107,2048,88,1,Damaged,2025-07-29
11277,4478,21,1,Wrong Size,2024-03-19
9433,3752,180,1,Not Needed,2024-12-21
17076,6810,10,1,Wrong Size,2024-06-03
19649,7841,96,1,Damaged,2024-05-16
22132,8849,70,1,Damaged,2024-04-20
21751,8690,170,1,Wrong Size,2024-10-31
22163,8862,133,1,Not Needed,2025-10-16
1184,481,136,1,Damaged,2024-03-12
15542,6191,108,1,Wrong Size,2024-04-09
24157,9675,106,1,Not Needed,2024-08-27
3966,1595,164,1,Wrong Size,2025-09-06
9099,3615,98,1,Damaged,2024-05-23
2582,1040,36,1,Late Delivery,2025-03-11
22733,9105,83,1,Damaged,2025-09-24
29932,11950,163,1,Wrong Size,2025-01-26
9471,3771,71,1,Late Delivery,2024-04-02
19956,7967,124,1,Damaged,2024-08-27
9943,3956,142,1,Wrong Size,2025-06-01
3358,1351,177,1,Not Needed,2024-02-08
11271,4476,35,1,Damaged,2024-01-23
3183,1283,42,1,Not Needed,2025-05-09
7100,2839,9,1,Damaged,2024-10-01
7376,2948,92,1,Damaged,2025-06-09
1912,772,18,1,Wrong Size,2025-12-10
14777,5892,69,1,Damaged,2025-06-12
17674,7047,139,1,Damaged,2025-08-02
27627,11029,51,1,Late Delivery,2024-04-03
15368,6124,161,1,Wrong Size,2025-05-04
20932,8357,30,1,Not Needed,2025-06-10
14733,5874,168,1,Late Delivery,2025-08-11
29805,11894,25,1,Damaged,2024-08-22
23787,9529,102,1,Late Delivery,2025-08-30
12610,5019,117,1,Not Needed,2026-01-21
18198,7262,138,1,Wrong Size,2024-05-25
1729,703,38,1,Late Delivery,2024-07-27
23606,9460,128,1,Damaged,2025-11-13
4679,1877,167,1,Wrong Size,2025-10-14
12803,5098,20,1,Damaged,2025-03-25
499,208,123,1,Late Delivery,2025-02-21
7721,3085,133,1,Late Delivery,2025-11-01
9804,3902,2,1,Not Needed,2025-03-05
19817,7906,111,1,Wrong Size,2024-11-06
295,123,118,1,Not Needed,2024-08-07
8555,3406,1,1,Not Needed,2026-01-02
21149,8442,86,1,Not Needed,2024-12-06
18001,7175,37,1,Wrong Size,2025-06-06
27456,10955,50,1,Damaged,2025-07-04
343,147,120,1,Late Delivery,2024-10-25
12369,4920,59,1,Damaged,2024-02-03
13033,5190,10,1,Not Needed,2024-12-10
2315,933,131,1,Not Needed,2025-11-03
4392,1762,91,1,Damaged,2024-10-24
24189,9687,4,1,Damaged,2024-06-29
1179,479,180,1,Wrong Size,2024-03-04
11209,4451,1,1,Late Delivery,2024-10-20
22894,9170,123,1,Damaged,2024-06-13
16230,6473,163,1,Wrong Size,2024-12-28
5060,2030,119,1,Damaged,2024-01-31
10028,3987,53,1,Wrong Size,2024-07-30
26342,10532,89,1,Not Needed,2024-03-17
13546,5387,131,1,Damaged,2024-09-25
29925,11948,32,1,Late Delivery,2025-10-21
8846,3518,121,1,Wrong Size,2024-03-07
5362,2155,66,1,Damaged,2025-10-12
8737,3477,58,1,Damaged,2025-05-29
27426,10944,45,1,Damaged,2024-05-12
19458,7768,83,1,Not Needed,2024-11-15
14354,5722,39,1,Late Delivery,2024-06-14
8501,3386,138,1,Late Delivery,2025-04-26
20898,8344,138,1,Damaged,2024-05-19
8600,3426,11,1,Not Needed,2024-09-16
29440,11744,143,1,Late Delivery,2024-02-22
6509,2599,161,1,Wrong Size,2025-07-13
20917,8351,119,1,Damaged,2025-05-17
4861,1946,177,1,Late Delivery,2024-04-19
25148,10056,21,1,Wrong Size,2025-01-25
5676,2269,164,1,Damaged,2024-12-15
26724,10676,89,1,Damaged,2024-09-05
26545,10609,112,1,Late Delivery,2025-02-08
7039,2814,92,1,Not Needed,2024-05-04
4306,1733,32,1,Damaged,2025-12-24
9534,3795,73,1,Not Needed,2024-06-25
9627,3834,177,1,Not Needed,2025-01-17
10045,3994,91,1,Late Delivery,2024-03-26
18786,7496,5,1,Damaged,2025-11-01
19323,7713,144,1,Wrong Size,2024-12-14
26093,10438,6,1,Damaged,2025-12-15
13592,5408,159,1,Damaged,2024-10-22
2710,1095,101,1,Damaged,2024-06-07
17325,6909,33,1,Damaged,2025-07-31
6774,2711,5,1,Wrong Size,2025-08-08
8087,3229,56,1,Not Needed,2025-11-19
4130,1662,67,1,Not Needed,2025-04-05
29383,11721,104,1,Wrong Size,2025-08-31
11796,4688,6,1,Wrong Size,2025-07-07
6088,2439,97,1,Damaged,2025-10-26
18430,7353,50,1,Damaged,2024-07-04
836,341,33,1,Not Needed,2024-03-17
24940,9976,100,1,Late Delivery,2026-01-14
13098,5217,30,1,Not Needed,2026-01-10
27002,10782,17,1,Late Delivery,2025-10-24
8117,3240,148,1,Not Needed,2025-09-02
7652,3056,33,1,Damaged,2025-01-02
15836,6311,157,1,Late Delivery,2025-08-23
29602,11809,100,1,Damaged,2024-08-07
4796,1920,37,1,Not Needed,2025-03-11
25530,10207,98,1,Not Needed,2024-10-25
13964,5556,86,1,Not Needed,2025-12-03
6679,2671,158,1,Damaged,2025-08-03
24318,9734,148,1,Not Needed,2025-11-25
29667,11836,146,1,Damaged,2025-04-15
29940,11954,96,1,Late Delivery,2024-11-27
23314,9347,32,1,Not Needed,2024-09-01
19365,7729,51,1,Late Delivery,2025-02-21
2816,1136,34,1,Wrong Size,2025-04-10
27965,11159,153,1,Damaged,2024-09-12
27519,10984,146,1,Damaged,2025-06-16
6287,2513,104,1,Wrong Size,2024-06-23
1562,633,145,1,Wrong Size,2025-11-25
12345,4911,120,1,Not Needed,2025-11-18
3122,1260,68,1,Late Delivery,2025-03-28
20867,8334,149,1,Not Needed,2025-08-04
3293,1326,134,1,Damaged,2024-06-21
19734,7876,102,1,Damaged,2024-03-25
25067,10026,102,1,Wrong Size,2024-05-20
24601,9843,90,1,Damaged,2025-07-11
12485,4969,77,1,Not Needed,2025-02-02
8618,3434,170,1,Late Delivery,2024-03-09
26208,10484,82,1,Wrong Size,2024-03-13
20593,8223,71,1,Wrong Size,2025-04-09
5029,2015,68,1,Not Needed,2026-01-05
28289,11295,133,1,Not Needed,2025-12-23
27048,10799,132,1,Late Delivery,2024-10-22
19824,7909,27,1,Damaged,2025-08-10
5596,2239,26,1,Wrong Size,2025-02-15
19074,7612,119,1,Wrong Size,2025-02-27
16591,6615,129,1,Wrong Size,2025-04-23
15145,6035,62,1,Damaged,2025-03-27
3850,1546,97,1,Not Needed,2025-01-14
11139,4424,55,1,Damaged,2024-02-16
29166,11638,140,1,Wrong Size,2024-06-19
8219,3278,173,1,Damaged,2025-03-01
11068,4395,87,1,Damaged,2024-11-13
25790,10316,107,1,Damaged,2025-09-09
15742,6273,20,1,Damaged,2025-09-16
25522,10203,80,1,Damaged,2024-03-22
8985,3575,159,1,Late Delivery,2025-04-14
26626,10641,62,1,Damaged,2024-09-10
29534,11782,68,1,Damaged,2024-02-19
16307,6502,82,1,Wrong Size,2024-12-16
9469,3769,147,1,Wrong Size,2024-10-28
18428,7352,68,1,Late Delivery,2025-11-27
10688,4247,44,1,Not Needed,2025-06-27
24871,9947,25,1,Damaged,2025-06-04
22882,9167,152,1,Not Needed,2024-06-15
9278,3689,111,1,Wrong Size,2024-09-05
15365,6123,105,1,Wrong Size,2025-07-16
14484,5779,105,1,Wrong Size,2024-08-29
13236,5270,112,1,Late Delivery,2024-10-11
6141,2461,52,1,Not Needed,2025-07-20
8525,3393,9,1,Damaged,2025-02-12
28073,11209,47,1,Damaged,2025-02-15
17457,6960,175,1,Damaged,2024-08-31
28748,11470,59,1,Not Needed,2024-07-10
19930,7955,61,1,Wrong Size,2025-02-15
18625,7429,114,1,Late Delivery,2024-02-23
4676,1876,166,1,Damaged,2025-08-18
27387,10927,93,1,Late Delivery,2025-10-04
12873,5125,83,1,Damaged,2024-12-07
23711,9503,124,1,Damaged,2024-09-21
7740,3092,157,1,Damaged,2024-09-17
10454,4158,178,1,Late Delivery,2024-02-07
12828,5107,160,1,Late Delivery,2025-11-23
29668,11836,168,1,Wrong Size,2025-02-01
4562,1828,153,1,Damaged,2024-07-07
24701,9881,70,1,Wrong Size,2024-04-30
7414,2963,137,1,Wrong Size,2024-07-12
16852,6719,135,1,Damaged,2024-12-05
17521,6984,160,1,Wrong Size,2024-09-10
6674,2669,35,1,Not Needed,2024-06-03
19325,7714,3,1,Not Needed,2024-02-08
4093,1649,131,1,Wrong Size,2025-12-26
8025,3206,116,1,Damaged,2024-09-07
28870,11522,87,1,Damaged,2025-01-23
19033,7593,40,1,Wrong Size,2025-02-02
10105,4017,143,1,Late Delivery,2024-09-26
17038,6792,2,1,Damaged,2024-05-24
20611,8231,167,1,Late Delivery,2025-09-11
20999,8384,62,1,Late Delivery,2025-01-21
5158,2068,146,1,Wrong Size,2024-09-17
24691,9878,116,1,Not Needed,2024-08-18
29179,11642,60,1,Wrong Size,2025-10-05
17489,6971,160,1,Damaged,2025-12-18
10999,4367,20,1,Wrong Size,2025-11-13
27270,10885,38,1,Wrong Size,2025-10-15
9820,3909,92,1,Not Needed,2024-04-08
5903,2363,74,1,Wrong Size,2024-09-08
12747,5075,53,1,Wrong Size,2024-05-15
21514,8596,157,1,Wrong Size,2025-06-03
4190,1688,26,1,Damaged,2025-11-10
7832,3130,82,1,Not Needed,2024-09-28
3139,1267,164,1,Not Needed,2024-09-24
20163,8051,121,1,Damaged,2024-08-23
25058,10022,2,1,Wrong Size,2025-03-01
6161,2470,175,1,Damaged,2026-01-11
35,13,180,1,Damaged,2024-02-01
20361,8129,81,1,Damaged,2025-09-09
16108,6422,38,1,Damaged,2024-04-01
20202,8066,86,1,Damaged,2024-12-26
27110,10824,17,1,Wrong Size,2025-04-29
277,115,18,1,Late Delivery,2024-09-23
4049,1634,163,1,Not Needed,2024-05-19
10995,4366,122,1,Damaged,2024-08-26
3756,1512,95,1,Wrong Size,2025-07-15
19920,7949,34,1,Late Delivery,2025-06-12
26902,10745,29,1,Late Delivery,2025-10-02
22996,9215,166,1,Damaged,2024-12-15
23769,9523,12,1,Wrong Size,2025-03-12
3105,1252,119,1,Wrong Size,2025-08-01
21950,8770,35,1,Not Needed,2025-02-16
25766,10306,15,1,Wrong Size,2025-05-05
17498,6975,47,1,Damaged,2025-03-21
5727,2288,25,1,Late Delivery,2025-01-02
5211,2090,36,1,Damaged,2024-09-28
27738,11076,42,1,Damaged,2024-10-01
20743,8282,51,1,Wrong Size,2024-05-16
10914,4332,99,1,Damaged,2024-10-01
11331,4501,118,1,Wrong Size,2025-05-08
13892,5527,143,1,Wrong Size,2024-09-03
8688,3460,106,1,Wrong Size,2025-11-23
7012,2804,104,1,Wrong Size,2024-12-14
15082,6011,19,1,Late Delivery,2024-11-07
21955,8772,18,1,Wrong Size,2024-06-02
11586,4607,146,1,Wrong Size,2025-07-02
7019,2807,19,1,Not Needed,2025-10-30
26894,10743,54,1,Not Needed,2025-08-31
24083,9645,172,1,Damaged,2024-10-15
11869,4715,121,1,Wrong Size,2024-02-03
14696,5859,157,1,Wrong Size,2025-11-21
9652,3842,93,1,Wrong Size,2024-04-21
11060,4391,93,1,Damaged,2024-06-07
3189,1285,81,1,Not Needed,2025-08-27
24153,9674,160,1,Wrong Size,2025-03-27
26899,10745,150,1,Damaged,2025-09-27
3762,1515,87,1,Damaged,2025-05-27
23777,9526,101,1,Not Needed,2025-04-26
1578,639,15,1,Wrong Size,2024-02-01
511,213,168,1,Not Needed,2024-04-11
3515,1411,19,1,Not Needed,2025-01-31
29538,11785,71,1,Damaged,2025-03-17
28715,11456,173,1,Wrong Size,2024-04-08
23921,9580,176,1,Late Delivery,2024-03-02
14659,5845,109,1,Not Needed,2024-07-29
15044,5995,174,1,Damaged,2024-03-05
28264,11287,32,1,Wrong Size,2025-08-27
12730,5066,160,1,Wrong Size,2024-08-12
28907,11537,47,1,Not Needed,2024-08-20
21048,8402,96,1,Late Delivery,2025-03-16
17893,7135,117,1,Not Needed,2024-07-06
16497,6579,52,1,Wrong Size,2025-10-22
10019,3985,5,1,Damaged,2024-06-25
28816,11499,149,1,Damaged,2025-10-02
24766,9905,57,1,Damaged,2024-04-30
14281,5691,26,1,Wrong Size,2025-11-20
4002,1615,56,1,Damaged,2024-12-04
12311,4899,16,1,Wrong Size,2025-02-21
5788,2316,50,1,Damaged,2025-05-20
26371,10544,167,1,Damaged,2024-09-26
11316,4494,6,1,Not Needed,2024-10-04
6280,2511,74,1,Wrong Size,2024-03-09
22497,9002,133,1,Wrong Size,2024-01-25
24007,9615,171,1,Not Needed,2024-11-12
14363,5727,72,1,Wrong Size,2025-09-27
28183,11257,4,1,Damaged,2025-08-30
15711,6261,178,1,Damaged,2024-12-28
15599,6216,39,1,Wrong Size,2025-09-11
17021,6785,99,1,Wrong Size,2025-01-23
14586,5818,49,1,Damaged,2025-10-03
18303,7304,123,1,Late Delivery,2025-05-03
5024,2012,11,1,Late Delivery,2025-07-23
3600,1447,123,1,Damaged,2024-11-12
8934,3558,95,1,Wrong Size,2025-06-12
26226,10490,174,1,Damaged,2024-06-12
7831,3130,45,1,Damaged,2025-09-15
8912,3548,12,1,Late Delivery,2024-10-20
10718,4260,2,1,Damaged,2024-05-05
25456,10176,47,1,Wrong Size,2025-11-18
17819,7106,90,1,Not Needed,2025-04-16
6936,2776,106,1,Damaged,2025-08-27
11800,4689,75,1,Not Needed,2025-10-18
23855,9553,176,1,Not Needed,2024-01-08
17153,6841,25,1,Not Needed,2024-09-22
7163,2860,113,1,Wrong Size,2024-02-18
13400,5332,19,1,Wrong Size,2024-02-10
28836,11507,161,1,Wrong Size,2024-08-23
5905,2364,164,1,Not Needed,2024-07-11
25202,10076,7,1,Not Needed,2025-08-22
8606,3430,21,1,Not Needed,2024-07-25
18076,7208,45,1,Damaged,2024-07-28
21563,8612,5,1,Damaged,2024-05-05
15801,6297,66,1,Damaged,2024-07-28
17989,7171,85,1,Not Needed,2025-03-23
24150,9673,140,1,Damaged,2025-04-28
16097,6417,20,1,Damaged,2025-10-16
16054,6401,131,1,Wrong Size,2025-02-27
7014,2805,76,1,Damaged,2025-10-21
16452,6559,20,1,Damaged,2025-03-14
29488,11765,29,1,Not Needed,2024-04-03
949,383,87,1,Damaged,2024-05-16
9008,3582,131,1,Wrong Size,2024-07-09
18321,7310,20,1,Damaged,2025-05-30
8284,3306,102,1,Not Needed,2025-12-29
23746,9514,32,1,Wrong Size,2025-09-09
28421,11344,162,1,Damaged,2024-09-23
23654,9481,55,1,Not Needed,2024-04-04
27169,10845,175,1,Damaged,2025-03-15
1945,786,102,1,Wrong Size,2025-01-19
19476,7775,102,1,Wrong Size,2025-12-31
10296,4096,42,1,Late Delivery,2025-01-01
25312,10122,63,1,Wrong Size,2024-02-10
14631,5836,32,1,Not Needed,2025-05-03
9452,3762,30,1,Damaged,2024-12-14
20718,8270,81,1,Damaged,2025-09-27
7297,2916,136,1,Wrong Size,2024-02-23
13439,5345,10,1,Damaged,2025-11-30
1287,521,171,1,Late Delivery,2024-11-30
18304,7304,122,1,Wrong Size,2024-05-14
27137,10834,53,1,Damaged,2024-05-12
8987,3575,143,1,Wrong Size,2024-08-06
11222,4456,21,1,Wrong Size,2024-10-31
7151,2855,37,1,Not Needed,2024-03-03
11935,4741,79,1,Late Delivery,2024-08-16
7013,2804,109,1,Not Needed,2025-05-03
14593,5822,92,1,Wrong Size,2025-08-05
10837,4304,56,1,Not Needed,2025-10-20
19494,7784,172,1,Not Needed,2025-07-25
24445,9784,128,1,Damaged,2025-04-18
21293,8505,38,1,Late Delivery,2025-01-07
28192,11260,6,1,Late Delivery,2024-07-02
15193,6053,138,1,Not Needed,2024-05-05
5785,2314,114,1,Damaged,2025-09-03
27011,10786,21,1,Wrong Size,2024-04-12
17990,7171,154,1,Not Needed,2025-10-08
13880,5523,57,1,Wrong Size,2025-09-29
8272,3302,49,1,Damaged,2025-02-08
21477,8581,1,1,Damaged,2024-02-16
14739,5877,85,1,Damaged,2025-11-23
19043,7598,35,1,Damaged,2024-02-23
1060,430,79,1,Damaged,2025-05-02
22508,9008,83,1,Not Needed,2025-01-28
5057,2029,25,1,Not Needed,2025-12-09
573,238,180,1,Not Needed,2025-11-26
4739,1899,134,1,Wrong Size,2024-11-25
4382,1760,104,1,Late Delivery,2024-11-29
27428,10944,98,1,Late Delivery,2025-05-22
14218,5665,57,1,Not Needed,2025-06-28
8502,3386,136,1,Damaged,2025-02-17
6396,2556,157,1,Not Needed,2025-10-24
6664,2665,3,1,Damaged,2025-03-29
11276,4477,155,1,Damaged,2025-08-01
20960,8368,104,1,Not Needed,2025-12-07
16953,6758,129,1,Not Needed,2025-04-15
18011,7178,115,1,Damaged,2024-04-24
16984,6771,22,1,Damaged,2025-02-15
1739,709,54,1,Damaged,2025-03-25
23641,9475,100,1,Not Needed,2025-09-15
19843,7916,62,1,Damaged,2024-08-05
8789,3497,177,1,Not Needed,2024-04-13
19614,7826,70,1,Damaged,2024-09-23
27044,10798,20,1,Damaged,2024-04-28
21657,8650,4,1,Damaged,2025-11-14
13433,5344,133,1,Wrong Size,2025-09-30
11327,4500,77,1,Damaged,2024-08-15
23118,9269,78,1,Damaged,2026-01-04
27879,11130,80,1,Late Delivery,2025-01-17
26059,10425,98,1,Wrong Size,2025-08-08
3079,1242,88,1,Damaged,2025-11-23
13530,5382,93,1,Not Needed,2024-09-17
24635,9857,156,1,Not Needed,2025-01-16
23259,9325,140,1,Wrong Size,2024-12-31
19730,7874,161,1,Not Needed,2024-05-18
10355,4121,145,1,Wrong Size,2025-05-07
16448,6558,7,1,Damaged,2025-04-30
13904,5531,123,1,Late Delivery,2024-10-17
29200,11648,113,1,Damaged,2025-08-25
18861,7526,108,1,Late Delivery,2024-06-16
9528,3793,149,1,Late Delivery,2024-04-29
5876,2352,99,1,Damaged,2026-01-15
15739,6273,60,1,Not Needed,2025-06-22
7437,2974,16,1,Late Delivery,2024-09-27
9075,3606,56,1,Wrong Size,2025-01-12
16805,6699,11,1,Not Needed,2025-06-06
3674,1478,21,1,Wrong Size,2025-01-26
21486,8584,169,1,Damaged,2024-11-14
528,220,71,1,Damaged,2024-10-15
7828,3128,30,1,Not Needed,2024-07-06
23778,9526,135,1,Damaged,2025-10-23
5258,2108,147,1,Not Needed,2025-05-10
9882,3933,169,1,Damaged,2025-02-16
16575,6606,32,1,Wrong Size,2024-12-19
7402,2958,4,1,Damaged,2025-12-31
15991,6376,93,1,Damaged,2025-05-15
4106,1653,27,1,Not Needed,2025-02-06
25793,10317,23,1,Wrong Size,2024-04-15
7823,3127,138,1,Not Needed,2024-08-20
9129,3628,78,1,Wrong Size,2025-05-15
27842,11117,128,1,Not Needed,2024-01-26
25198,10075,172,1,Not Needed,2024-03-14
1051,426,28,1,Damaged,2025-01-08
956,386,153,1,Not Needed,2024-05-18
16390,6534,141,1,Damaged,2025-11-30
23452,9398,29,1,Not Needed,2024-12-19
22382,8955,107,1,Damaged,2024-07-27
2374,953,129,1,Damaged,2025-11-24
9931,3951,160,1,Wrong Size,2024-05-14
4475,1795,78,1,Not Needed,2025-09-12
6783,2714,166,1,Late Delivery,2025-12-19
2939,1187,54,1,Damaged,2024-08-14
7590,3031,95,1,Not Needed,2025-06-07
7949,3180,33,1,Not Needed,2024-06-09
3018,1216,82,1,Wrong Size,2025-03-13
10485,4172,144,1,Wrong Size,2024-09-21
22759,9119,125,1,Damaged,2025-04-01
26268,10506,112,1,Not Needed,2025-11-09
456,191,77,1,Wrong Size,2025-05-17
10147,4033,113,1,Wrong Size,2025-05-18
17766,7085,10,1,Not Needed,2025-01-06
12600,5016,166,1,Not Needed,2024-08-05
11608,4615,171,1,Damaged,2024-09-30
3849,1546,125,1,Late Delivery,2024-03-15
10637,4227,78,1,Damaged,2024-02-10
26611,10636,50,1,Wrong Size,2025-05-05
20479,8176,53,1,Late Delivery,2025-06-09
11091,4403,133,1,Damaged,2025-02-26
23007,9220,166,1,Damaged,2024-12-27
11799,4688,1,1,Not Needed,2024-11-13
4029,1625,87,1,Not Needed,2025-10-15
18543,7397,89,1,Damaged,2024-07-29
14765,5888,93,1,Not Needed,2025-09-29
19395,7743,152,1,Wrong Size,2024-02-20
21051,8403,87,1,Damaged,2024-06-14
13623,5419,32,1,Damaged,2025-11-23
28014,11181,136,1,Not Needed,2025-12-03
702,287,89,1,Wrong Size,2024-01-26
9411,3742,39,1,Not Needed,2024-12-01
18390,7340,102,1,Not Needed,2025-01-15
5600,2241,39,1,Damaged,2025-09-13
14159,5637,41,1,Damaged,2025-01-09
18220,7269,64,1,Wrong Size,2025-10-31
23034,9232,61,1,Late Delivery,2024-08-21
9955,3960,155,1,Damaged,2024-08-30
27186,10853,128,1,Damaged,2025-12-31
13646,5432,106,1,Damaged,2024-03-05
16096,6416,158,1,Not Needed,2025-09-15
14710,5864,126,1,Not Needed,2024-03-27
28123,11231,114,1,Not Needed,2025-01-14
27091,10817,3,1,Damaged,2024-05-18
8658,3449,167,1,Late Delivery,2024-11-04
16943,6754,129,1,Wrong Size,2026-01-16
17297,6898,110,1,Wrong Size,2024-08-03
7698,3075,63,1,Not Needed,2026-01-04
3579,1440,38,1,Late Delivery,2024-11-28
26439,10568,159,1,Damaged,2024-09-22
11840,4706,177,1,Damaged,2025-03-11
20877,8338,31,1,Damaged,2024-12-19
22671,9080,176,1,Damaged,2025-04-17
26854,10727,159,1,Wrong Size,2024-03-22
7860,3144,149,1,Damaged,2025-02-14
9577,3813,153,1,Damaged,2024-08-08
12012,4777,176,1,Not Needed,2024-02-12
24861,9943,138,1,Late Delivery,2024-07-07
7620,3043,130,1,Damaged,2025-12-06
15938,6351,126,1,Wrong Size,2025-06-18
22280,8911,151,1,Damaged,2025-07-18
15725,6267,100,1,Damaged,2024-08-14
2693,1087,26,1,Damaged,2025-03-10
6677,2670,32,1,Damaged,2025-03-26
22051,8815,174,1,Not Needed,2024-12-09
8061,3218,95,1,Late Delivery,2024-12-10
17673,7046,38,1,Late Delivery,2024-07-15
9394,3735,20,1,Damaged,2025-12-22
7337,2931,118,1,Late Delivery,2025-01-06
9807,3903,6,1,Damaged,2025-04-20
26824,10715,15,1,Damaged,2025-11-02
11092,4404,155,1,Not Needed,2025-08-30
2540,1022,142,1,Not Needed,2025-10-29
12521,4984,98,1,Late Delivery,2025-05-24
15946,6357,91,1,Damaged,2024-07-25
19682,7856,154,1,Late Delivery,2025-06-12
13385,5327,54,1,Late Delivery,2026-01-15
8743,3479,93,1,Late Delivery,2024-05-11
14288,5693,61,1,Late Delivery,2024-09-04
25838,10333,95,1,Damaged,2025-06-01
11150,4428,115,1,Wrong Size,2024-12-26
20077,8019,179,1,Damaged,2025-02-10
4492,1801,42,1,Wrong Size,2025-12-05
3034,1222,49,1,Damaged,2025-02-03
21071,8413,148,1,Wrong Size,2025-07-23
20808,8310,64,1,Late Delivery,2025-08-11
6724,2691,129,1,Damaged,2025-04-09
23245,9321,143,1,Damaged,2024-04-18
7170,2863,162,1,Wrong Size,2024-04-13
8833,3513,6,1,Wrong Size,2024-08-03
27882,11131,97,1,Late Delivery,2025-08-09
13773,5481,80,1,Not Needed,2025-05-13
20858,8330,63,1,Not Needed,2025-12-06
9180,3649,86,1,Damaged,2024-08-20
17229,6870,91,1,Damaged,2024-09-07
19322,7713,19,1,Damaged,2025-05-18
21954,8771,107,1,Not Needed,2024-09-07
522,218,65,1,Damaged,2024-09-10
24637,9857,118,1,Not Needed,2025-03-15
15935,6351,54,1,Wrong Size,2024-04-24
9832,3913,51,1,Damaged,2024-09-16
1388,563,139,1,Damaged,2024-11-17
14151,5634,155,1,Damaged,2024-08-23
20700,8265,98,1,Not Needed,2025-06-28
19966,7972,172,1,Not Needed,2024-10-21
27158,10842,156,1,Damaged,2024-10-26
14339,5716,11,1,Damaged,2025-10-14
4160,1675,138,1,Damaged,2024-09-07
12088,4813,131,1,Late Delivery,2024-03-26
14755,5883,69,1,Late Delivery,2025-02-13
13912,5534,36,1,Damaged,2024-09-19
3912,1570,65,1,Not Needed,2025-08-09
16941,6754,119,1,Damaged,2024-02-20
14668,5848,151,1,Damaged,2025-08-01
12846,5117,145,1,Damaged,2024-10-16
27820,11107,118,1,Not Needed,2025-02-27
18016,7182,4,1,Damaged,2024-04-18
19054,7603,1,1,Late Delivery,2024-09-25
28534,11390,154,1,Late Delivery,2024-03-18
25698,10278,18,1,Late Delivery,2025-03-10
10293,4095,126,1,Late Delivery,2025-10-12
2381,955,103,1,Wrong Size,2025-05-15
3887,1560,164,1,Damaged,2025-09-30
10448,4157,53,1,Late Delivery,2024-11-11
4298,1730,157,1,Damaged,2025-08-29
5047,2024,11,1,Not Needed,2025-08-03
19424,7756,147,1,Damaged,2024-07-23
23928,9584,172,1,Not Needed,2025-05-18
24536,9819,69,1,Late Delivery,2024-03-19
11668,4638,166,1,Wrong Size,2025-01-17
6663,2665,172,1,Not Needed,2025-09-11
9365,3724,111,1,Wrong Size,2025-06-22
13779,5482,81,1,Not Needed,2024-02-12
24304,9731,21,1,Wrong Size,2024-08-06
28575,11403,168,1,Damaged,2024-10-31
2463,992,76,1,Wrong Size,2024-05-23
20237,8082,70,1,Damaged,2024-08-08
6986,2796,54,1,Not Needed,2025-01-30
27717,11063,119,1,Late Delivery,2024-11-20
7074,2829,147,1,Wrong Size,2025-03-01
29569,11799,126,1,Wrong Size,2026-01-11
20710,8268,64,1,Damaged,2025-10-19
4809,1925,55,1,Wrong Size,2025-10-01
19757,7884,63,1,Wrong Size,2025-02-26
18043,7194,75,1,Late Delivery,2024-06-06
28912,11539,58,1,Not Needed,2025-01-03
21837,8723,63,1,Not Needed,2025-08-18
23940,9588,7,1,Wrong Size,2025-02-07
310,130,47,1,Wrong Size,2025-05-07
1376,558,39,1,Damaged,2024-04-03
14853,5922,25,1,Damaged,2025-07-09
7672,3064,170,1,Not Needed,2025-11-25
22973,9203,137,1,Not Needed,2024-06-25
14598,5823,46,1,Damaged,2024-06-17
2882,1164,7,1,Not Needed,2025-04-23
12579,5007,6,1,Damaged,2025-10-13
21889,8747,54,1,Not Needed,2025-07-02
24844,9937,43,1,Wrong Size,2024-07-30
8553,3406,34,1,Damaged,2025-07-09
258,104,166,1,Late Delivery,2025-07-23
22811,9137,180,1,Not Needed,2024-05-09
17648,7035,72,1,Late Delivery,2024-04-02
25478,10183,108,1,Damaged,2025-08-24
26272,10507,35,1,Not Needed,2025-08-02
20293,8101,16,1,Not Needed,2024-06-24
20587,8218,100,1,Wrong Size,2025-10-12
5864,2346,45,1,Late Delivery,2024-01-16
6470,2586,36,1,Damaged,2024-03-17
20681,8259,115,1,Not Needed,2025-11-14
13350,5312,67,1,Not Needed,2025-10-20
11760,4673,138,1,Not Needed,2025-08-27
17216,6866,14,1,Wrong Size,2024-03-17
23501,9416,24,1,Not Needed,2026-01-22
5856,2343,29,1,Not Needed,2024-06-11
24514,9809,89,1,Wrong Size,2024-05-14
8151,3251,22,1,Damaged,2025-03-28
7138,2852,27,1,Damaged,2025-02-03
26379,10547,92,1,Damaged,2025-04-03
11431,4542,171,1,Damaged,2024-03-15
16038,6394,63,1,Not Needed,2025-11-03
6506,2599,46,1,Damaged,2025-11-18
16093,6416,167,1,Late Delivery,2025-06-10
29190,11645,9,1,Not Needed,2025-12-26
8730,3475,104,1,Damaged,2024-02-18
15111,6023,91,1,Damaged,2024-09-28
14698,5860,90,1,Not Needed,2025-09-22
19089,7620,76,1,Wrong Size,2024-12-28
25428,10163,59,1,Damaged,2024-05-03
13820,5497,105,1,Wrong Size,2024-03-02
13203,5257,62,1,Not Needed,2024-01-29
7808,3120,110,1,Wrong Size,2025-10-23
27359,10916,1,1,Not Needed,2025-10-07
23041,9234,158,1,Damaged,2025-08-08
23241,9320,4,1,Wrong Size,2024-08-26
7724,3086,56,1,Damaged,2025-08-04
6226,2493,94,1,Wrong Size,2025-06-25
15737,6272,21,1,Damaged,2025-02-11
538,223,128,1,Not Needed,2024-03-23
13214,5262,52,1,Damaged,2025-10-30
19602,7820,176,1,Late Delivery,2024-09-18
24504,9805,98,1,Damaged,2024-07-10
15457,6160,47,1,Not Needed,2025-07-03
16641,6633,104,1,Not Needed,2024-03-02
4532,1818,65,1,Not Needed,2024-10-31
7784,3110,5,1,Late Delivery,2025-03-31
8199,3271,18,1,Not Needed,2025-07-15
2981,1201,156,1,Damaged,2024-12-27
4100,1651,100,1,Damaged,2024-04-04
719,294,82,1,Wrong Size,2025-01-08
11120,4416,178,1,Wrong Size,2025-10-10
7228,2885,4,1,Not Needed,2025-01-30
5324,2138,42,1,Late Delivery,2025-11-21
22303,8919,134,1,Wrong Size,2024-11-30
27615,11025,158,1,Damaged,2025-07-02
1614,657,175,1,Wrong Size,2024-09-07
25495,10191,180,1,Not Needed,2025-07-01
10429,4148,7,1,Late Delivery,2024-12-01
1574,638,168,1,Wrong Size,2025-04-25
26206,10482,84,1,Late Delivery,2025-09-03
21523,8599,28,1,Not Needed,2025-01-03
19955,7967,81,1,Late Delivery,2024-10-25
14514,5792,62,1,Late Delivery,2026-01-05
18831,7514,11,1,Damaged,2025-10-15
9926,3949,177,1,Wrong Size,2024-02-14
23454,9400,133,1,Damaged,2024-11-14
5670,2266,68,1,Not Needed,2024-06-22
685,282,26,1,Damaged,2024-05-15
17366,6924,62,1,Damaged,2025-12-08
22367,8951,170,1,Damaged,2024-02-14
15560,6199,151,1,Late Delivery,2024-03-23
23764,9522,114,1,Wrong Size,2025-05-12
23137,9275,113,1,Damaged,2024-04-23
20352,8126,25,1,Wrong Size,2024-11-17
1031,416,152,1,Not Needed,2025-12-31
371,158,147,1,Wrong Size,2024-05-07
22552,9026,32,1,Wrong Size,2024-09-01
18138,7236,133,1,Damaged,2024-07-12
26753,10688,144,1,Wrong Size,2025-09-29
17528,6986,36,1,Damaged,2025-10-17
25891,10353,94,1,Damaged,2025-10-02
23456,9400,21,1,Wrong Size,2025-05-15
13165,5243,94,1,Damaged,2025-01-23
28688,11447,124,1,Not Needed,2025-06-05
12672,5043,120,1,Damaged,2025-08-11
10057,3999,152,1,Not Needed,2024-04-08
9873,3929,48,1,Not Needed,2024-07-12
15262,6081,93,1,Late Delivery,2025-03-26
24124,9661,95,1,Wrong Size,2025-10-12
28407,11339,142,1,Damaged,2025-01-04
27670,11045,66,1,Not Needed,2024-06-17
20401,8144,103,1,Late Delivery,2025-11-01
5991,2400,31,1,Damaged,2024-01-11
5354,2151,173,1,Wrong Size,2024-07-20
11810,4692,114,1,Damaged,2024-02-29
25365,10143,67,1,Damaged,2025-09-13
18357,7325,65,1,Not Needed,2025-03-18
9886,3934,165,1,Not Needed,2025-10-05
22355,8947,72,1,Not Needed,2025-09-27
1308,530,178,1,Late Delivery,2024-07-13
22214,8887,130,1,Damaged,2024-08-30
16598,6618,98,1,Not Needed,2024-03-29
20365,8131,2,1,Damaged,2025-02-26
12011,4777,19,1,Not Needed,2025-01-20
20717,8270,136,1,Not Needed,2024-01-29
24194,9688,85,1,Damaged,2024-02-12
10818,4296,112,1,Not Needed,2024-01-23
225,90,100,1,Damaged,2024-07-12
23358,9362,149,1,Late Delivery,2024-10-23
3450,1385,90,1,Not Needed,2024-01-25
1436,581,95,1,Wrong Size,2025-01-26
3525,1416,100,1,Not Needed,2024-05-04
9601,3824,2,1,Not Needed,2024-04-30
1356,550,53,1,Wrong Size,2025-02-24
3701,1489,72,1,Damaged,2025-03-19
22262,8905,38,1,Not Needed,2025-01-10
10055,3999,177,1,Late Delivery,2024-07-01
2314,933,48,1,Damaged,2025-11-27
21065,8409,11,1,Wrong Size,2025-08-05
11623,4620,77,1,Damaged,2025-10-13
22401,8964,18,1,Wrong Size,2024-05-15
5429,2181,142,1,Wrong Size,2024-07-22
27259,10880,25,1,Not Needed,2025-11-19
4371,1756,53,1,Wrong Size,2025-04-13
22526,9017,68,1,Wrong Size,2025-01-25
20247,8085,90,1,Wrong Size,2024-04-13
25623,10248,2,1,Late Delivery,2025-10-17
12430,4946,46,1,Not Needed,2025-06-06
12229,4866,142,1,Wrong Size,2025-01-15
1004,406,43,1,Late Delivery,2024-11-17
26318,10524,11,1,Late Delivery,2025-06-02
1596,651,77,1,Damaged,2024-07-22
20031,7999,177,1,Late Delivery,2025-07-05
5484,2201,47,1,Late Delivery,2025-09-14
24403,9770,29,1,Late Delivery,2024-02-19
4192,1689,68,1,Late Delivery,2024-09-22
27085,10815,98,1,Late Delivery,2025-05-09
7779,3109,17,1,Damaged,2025-08-03
26627,10641,138,1,Wrong Size,2024-03-11
5226,2095,84,1,Not Needed,2025-08-10
10011,3982,79,1,Damaged,2024-09-01
2458,990,2,1,Damaged,2024-07-01
3125,1261,130,1,Damaged,2025-08-27
8920,3552,169,1,Wrong Size,2025-06-15
3943,1584,7,1,Not Needed,2025-10-02
19928,7954,63,1,Late Delivery,2025-11-13
17454,6959,35,1,Damaged,2024-11-12
23326,9350,59,1,Damaged,2024-05-17
23524,9423,29,1,Wrong Size,2024-10-02
21706,8672,16,1,Damaged,2025-01-05
16056,6402,55,1,Damaged,2025-02-26
27468,10960,116,1,Damaged,2024-02-14
7058,2821,148,1,Wrong Size,2025-02-13
29721,11857,29,1,Damaged,2025-07-29
27649,11038,134,1,Damaged,2024-11-20
13219,5263,86,1,Not Needed,2024-06-13
22423,8971,12,1,Late Delivery,2024-09-26
10292,4094,104,1,Not Needed,2024-07-20
14737,5875,135,1,Damaged,2024-02-26
16537,6593,78,1,Wrong Size,2025-01-03
26670,10659,168,1,Not Needed,2025-11-15
7413,2962,11,1,Late Delivery,2024-10-05
21871,8737,115,1,Late Delivery,2025-08-01
549,228,122,1,Late Delivery,2025-07-12
17581,7008,31,1,Not Needed,2024-12-17
3739,1506,145,1,Damaged,2024-04-24
16024,6387,118,1,Damaged,2025-09-26
27618,11026,94,1,Wrong Size,2024-09-29
14074,5601,40,1,Not Needed,2024-03-06
27720,11065,136,1,Not Needed,2024-12-08
22898,9172,61,1,Damaged,2024-12-31
28720,11457,169,1,Not Needed,2025-06-15
1577,639,144,1,Not Needed,2025-12-01
27943,11152,23,1,Not Needed,2024-08-28
25374,10146,177,1,Damaged,2024-05-29
14016,5577,105,1,Not Needed,2024-05-24
7443,2975,158,1,Late Delivery,2024-02-25
24298,9728,23,1,Late Delivery,2025-12-13
15607,6220,4,1,Damaged,2025-08-11
14570,5813,20,1,Wrong Size,2024-07-18
21864,8733,141,1,Damaged,2026-01-23
25653,10260,138,1,Damaged,2024-08-26
16159,6441,117,1,Not Needed,2025-01-26
24226,9702,9,1,Not Needed,2024-12-17
18463,7366,56,1,Damaged,2025-05-24
16153,6439,96,1,Late Delivery,2024-12-30
16326,6508,142,1,Not Needed,2025-10-12
13485,5363,49,1,Wrong Size,2026-01-04
21112,8427,180,1,Damaged,2024-06-08
2734,1105,125,1,Damaged,2024-10-24
20533,8199,11,1,Damaged,2024-08-16
9589,3818,164,1,Not Needed,2025-09-05
966,390,152,1,Late Delivery,2025-08-09
4266,1717,149,1,Damaged,2024-03-30
8127,3243,117,1,Wrong Size,2024-08-20
3426,1379,158,1,Damaged,2024-08-14
8468,3376,180,1,Damaged,2025-02-19
28245,11278,17,1,Damaged,2025-04-09
25624,10248,137,1,Damaged,2026-01-13
20381,8137,129,1,Damaged,2025-01-27
4250,1710,153,1,Not Needed,2025-06-23
4730,1897,137,1,Damaged,2024-12-26
29452,11749,59,1,Not Needed,2024-05-16
21313,8517,45,1,Not Needed,2025-06-17
13369,5321,112,1,Damaged,2025-06-15
11494,4571,41,1,Late Delivery,2025-10-16
8045,3212,125,1,Wrong Size,2024-10-25
12125,4827,102,1,Wrong Size,2024-08-25
25636,10253,40,1,Damaged,2024-03-04
10743,4268,14,1,Damaged,2025-10-27
11001,4368,167,1,Not Needed,2024-06-07
245,99,9,1,Late Delivery,2024-05-26
18787,7496,121,1,Wrong Size,2024-06-29
2709,1094,88,1,Not Needed,2025-02-06
15819,6305,116,1,Not Needed,2025-03-31
1141,463,60,1,Damaged,2025-04-19
24275,9719,101,1,Damaged,2025-05-02
9562,3807,151,1,Not Needed,2025-01-19
14105,5615,95,1,Damaged,2024-11-07
25920,10364,125,1,Wrong Size,2024-05-17
4769,1911,67,1,Damaged,2024-01-24
22765,9121,145,1,Damaged,2025-07-31
23919,9580,127,1,Wrong Size,2024-05-04
24287,9724,136,1,Late Delivery,2025-12-30
24023,9621,133,1,Wrong Size,2025-04-12
21427,8561,149,1,Late Delivery,2025-04-12
18922,7552,140,1,Late Delivery,2025-05-28
1687,685,93,1,Damaged,2024-06-28
27838,11116,175,1,Wrong Size,2025-12-07
4444,1781,117,1,Wrong Size,2024-04-12
4751,1904,72,1,Damaged,2024-02-24
24357,9751,171,1,Damaged,2025-08-25
13406,5334,105,1,Wrong Size,2024-10-01
18032,7191,102,1,Not Needed,2024-01-16
28663,11434,39,1,Wrong Size,2025-05-02
21760,8692,107,1,Wrong Size,2025-11-29
9239,3672,103,1,Not Needed,2025-04-22
20079,8020,71,1,Not Needed,2024-03-05
12042,4793,103,1,Not Needed,2025-03-16
5833,2334,164,1,Damaged,2024-12-24
4737,1899,69,1,Damaged,2024-02-25
24289,9724,3,1,Not Needed,2025-04-14
2793,1127,155,1,Damaged,2025-10-18
23421,9384,87,1,Damaged,2025-05-07
214,86,174,1,Not Needed,2024-12-01
12970,5166,121,1,Late Delivery,2024-11-21
9952,3958,120,1,Damaged,2025-09-11
4114,1655,149,1,Damaged,2024-07-04
21902,8753,179,1,Wrong Size,2025-02-13
28766,11479,167,1,Late Delivery,2025-03-25
4015,1619,164,1,Late Delivery,2026-02-01
1450,586,19,1,Damaged,2025-03-07
9261,3681,72,1,Damaged,2024-11-03
4662,1870,77,1,Not Needed,2024-05-09
4803,1923,69,1,Wrong Size,2024-09-27
4759,1907,103,1,Damaged,2024-05-11
3215,1297,13,1,Wrong Size,2024-07-03
5381,2162,64,1,Damaged,2024-12-09
1591,647,112,1,Damaged,2024-07-24
20783,8298,139,1,Not Needed,2024-05-15
18654,7444,36,1,Damaged,2024-11-10
3119,1259,20,1,Damaged,2024-12-08
27982,11170,106,1,Wrong Size,2025-11-05
4299,1731,127,1,Not Needed,2024-07-01
22276,8910,52,1,Damaged,2024-02-07
26064,10428,2,1,Wrong Size,2024-07-10
9808,3903,61,1,Damaged,2024-04-15
1783,725,65,1,Wrong Size,2025-09-10
27487,10968,71,1,Late Delivery,2025-09-04
10123,4024,139,1,Not Needed,2024-06-15
14719,5867,154,1,Not Needed,2024-07-06
17365,6924,91,1,Late Delivery,2024-10-29
17905,7140,28,1,Wrong Size,2024-02-09
26742,10683,153,1,Wrong Size,2024-11-03
8309,3316,168,1,Damaged,2025-09-30
21259,8491,96,1,Wrong Size,2024-12-02
25026,10010,114,1,Damaged,2025-05-17
23716,9504,115,1,Wrong Size,2024-08-16
26203,10481,53,1,Damaged,2024-11-12
15390,6133,120,1,Damaged,2025-11-17
7542,3015,39,1,Wrong Size,2025-11-15
12682,5047,16,1,Damaged,2025-07-14
25022,10009,119,1,Wrong Size,2025-01-20
2341,942,177,1,Wrong Size,2024-04-30
27322,10904,9,1,Not Needed,2024-04-25
10128,4026,76,1,Damaged,2024-02-27
8750,3481,164,1,Wrong Size,2026-01-10
1322,534,163,1,Late Delivery,2024-09-07
21665,8655,42,1,Not Needed,2024-06-05
4767,1910,154,1,Not Needed,2025-04-21
3287,1324,2,1,Wrong Size,2024-02-27
20876,8337,58,1,Damaged,2025-07-22
1857,753,86,1,Not Needed,2025-09-26
9063,3602,67,1,Not Needed,2025-02-28
13283,5289,22,1,Late Delivery,2024-01-26
18398,7342,82,1,Wrong Size,2024-07-09
8655,3447,53,1,Not Needed,2025-07-05
7765,3101,178,1,Not Needed,2025-07-08
6892,2759,105,1,Damaged,2025-09-12
7309,2920,41,1,Damaged,2024-10-08
15834,6310,47,1,Damaged,2024-02-19
15373,6126,142,1,Damaged,2025-03-07
23850,9552,151,1,Late Delivery,2025-08-28
8983,3574,58,1,Not Needed,2025-07-30
28356,11318,83,1,Damaged,2025-10-31
29900,11937,142,1,Not Needed,2025-02-12
20690,8261,101,1,Damaged,2025-10-04
28561,11399,95,1,Wrong Size,2026-01-10
14070,5598,81,1,Damaged,2024-04-14
17133,6831,62,1,Late Delivery,2024-02-05
5357,2153,10,1,Wrong Size,2025-06-30
4001,1614,153,1,Not Needed,2024-06-30
18402,7343,124,1,Not Needed,2025-01-31
5096,2044,142,1,Late Delivery,2024-09-15
16084,6412,37,1,Not Needed,2025-12-04
29292,11682,96,1,Wrong Size,2025-07-25
8347,3330,121,1,Late Delivery,2024-03-14
24475,9795,162,1,Damaged,2025-10-05
15705,6258,156,1,Late Delivery,2026-01-01
4507,1807,60,1,Late Delivery,2024-10-29
12944,5156,15,1,Damaged,2024-09-19
8179,3263,129,1,Damaged,2024-03-16
23316,9347,164,1,Not Needed,2024-03-12
17011,6781,53,1,Damaged,2025-03-11
4269,1718,107,1,Wrong Size,2024-08-27
11358,4510,46,1,Damaged,2024-06-03
27491,10970,144,1,Late Delivery,2025-08-08
5698,2276,123,1,Not Needed,2025-09-26
21715,8675,163,1,Wrong Size,2024-10-16
18585,7414,134,1,Wrong Size,2025-04-26
22093,8833,58,1,Wrong Size,2024-10-09
15942,6354,31,1,Wrong Size,2025-04-06
5035,2017,130,1,Damaged,2024-12-24
24020,9620,136,1,Not Needed,2025-01-28
23232,9316,40,1,Not Needed,2025-09-12
8249,3291,27,1,Damaged,2025-06-26
14715,5866,180,1,Damaged,2024-05-19
23852,9553,50,1,Damaged,2024-06-07
10124,4024,18,1,Late Delivery,2025-11-30
2587,1043,43,1,Not Needed,2025-02-01
1013,409,124,1,Wrong Size,2025-10-01
1532,619,109,1,Wrong Size,2024-07-12
7098,2839,31,1,Damaged,2024-11-27
28850,11513,62,1,Not Needed,2025-03-15
22448,8981,171,1,Not Needed,2025-05-18
10763,4275,35,1,Damaged,2026-01-09
809,328,142,1,Late Delivery,2025-11-05
19118,7631,180,1,Wrong Size,2024-07-18
28515,11380,33,1,Not Needed,2025-12-05
13504,5372,89,1,Late Delivery,2025-08-03
26149,10460,107,1,Not Needed,2025-09-01
17531,6988,31,1,Late Delivery,2025-09-17
13605,5412,171,1,Wrong Size,2024-04-05
22121,8843,8,1,Not Needed,2025-04-28
17562,6999,106,1,Not Needed,2024-05-16
16736,6670,24,1,Not Needed,2025-07-13
28002,11177,75,1,Damaged,2025-10-21
10755,4271,154,1,Not Needed,2024-11-07
23105,9261,178,1,Damaged,2024-05-03
6056,2427,61,1,Damaged,2024-07-29
14909,5946,40,1,Damaged,2025-10-30
24222,9701,23,1,Wrong Size,2025-09-05
8356,3335,43,1,Not Needed,2024-05-07
5803,2323,157,1,Damaged,2024-07-18
29471,11758,132,1,Wrong Size,2024-09-24
16509,6584,105,1,Damaged,2024-05-02
4360,1753,111,1,Damaged,2026-02-02
29792,11889,81,1,Late Delivery,2024-04-04
26135,10454,60,1,Wrong Size,2024-12-23
28897,11533,43,1,Damaged,2024-03-07
24887,9955,161,1,Not Needed,2024-09-23
23599,9456,108,1,Not Needed,2024-06-27
1707,693,83,1,Wrong Size,2025-10-07
2747,1111,35,1,Wrong Size,2025-09-30
18167,7248,66,1,Wrong Size,2025-04-20
103,41,104,1,Damaged,2025-09-23
12320,4901,176,1,Damaged,2024-12-15
14693,5858,12,1,Damaged,2026-02-01
8941,3559,174,1,Wrong Size,2024-10-22
26875,10735,100,1,Damaged,2025-03-15
12163,4839,69,1,Damaged,2025-11-01
22586,9040,31,1,Wrong Size,2024-04-22
13847,5510,88,1,Damaged,2025-01-25
25975,10389,119,1,Damaged,2025-12-01
8476,3378,9,1,Wrong Size,2025-09-21
4409,1769,75,1,Not Needed,2025-10-29
6571,2622,79,1,Not Needed,2025-04-01
28939,11547,79,1,Damaged,2026-01-17
13752,5472,18,1,Damaged,2024-12-06
5199,2085,148,1,Damaged,2025-03-08
17967,7163,153,1,Not Needed,2025-07-26
3939,1582,18,1,Wrong Size,2025-10-20
29977,11966,47,1,Wrong Size,2025-05-31
9720,3870,20,1,Not Needed,2025-11-24
29802,11893,176,1,Wrong Size,2025-12-25
17629,7028,169,1,Damaged,2025-03-15
13521,5379,12,1,Late Delivery,2025-04-05
9841,3916,138,1,Damaged,2025-10-22
3678,1480,93,1,Damaged,2025-04-06
12964,5164,16,1,Not Needed,2025-07-11
20497,8182,84,1,Not Needed,2025-10-21
15384,6130,171,1,Damaged,2025-07-28
3883,1559,88,1,Not Needed,2025-04-20
5097,2045,22,1,Not Needed,2025-03-04
24848,9938,32,1,Damaged,2024-03-20
1132,459,154,1,Wrong Size,2025-09-11
2660,1073,172,1,Wrong Size,2024-08-21
5271,2115,58,1,Wrong Size,2025-11-11
29501,11771,157,1,Not Needed,2025-02-23
24527,9814,42,1,Damaged,2025-08-15
15934,6350,179,1,Wrong Size,2025-02-04
17288,6895,49,1,Damaged,2025-07-01
15778,6287,171,1,Wrong Size,2025-02-02
18565,7406,14,1,Wrong Size,2025-07-03
11953,4750,1,1,Damaged,2025-08-04
22409,8966,86,1,Wrong Size,2025-11-13
20452,8166,20,1,Not Needed,2025-08-09
23683,9493,7,1,Damaged,2024-12-27
11823,4700,40,1,Damaged,2025-01-28
26080,10434,107,1,Not Needed,2024-09-10
2951,1192,21,1,Damaged,2025-07-29
20916,8350,98,1,Wrong Size,2024-07-04
29897,11936,101,1,Damaged,2024-04-05
28862,11518,13,1,Not Needed,2024-11-14
9495,3778,80,1,Late Delivery,2025-06-01
12309,4898,26,1,Damaged,2025-07-27
23166,9289,128,1,Wrong Size,2025-12-14
19289,7698,127,1,Damaged,2024-08-28
14340,5716,157,1,Damaged,2025-04-18
21710,8674,145,1,Wrong Size,2024-03-08
23545,9433,147,1,Damaged,2025-11-03
15374,6127,179,1,Not Needed,2025-12-24
15279,6088,112,1,Late Delivery,2024-05-24
2513,1011,120,1,Not Needed,2025-12-13
3690,1484,54,1,Not Needed,2024-05-05
3471,1396,45,1,Not Needed,2024-08-24
1751,713,99,1,Damaged,2025-09-29
6693,2678,6,1,Late Delivery,2025-10-02
3445,1384,36,1,Damaged,2025-01-29
17504,6977,138,1,Wrong Size,2024-06-28
19490,7782,164,1,Wrong Size,2026-01-07
9055,3599,13,1,Damaged,2025-03-05
11719,4659,30,1,Not Needed,2025-06-01
8319,3320,65,1,Damaged,2024-04-03
11265,4474,61,1,Damaged,2025-03-22
6855,2742,131,1,Wrong Size,2025-07-06
26580,10623,47,1,Late Delivery,2025-10-27
16854,6720,61,1,Not Needed,2025-04-19
7388,2953,29,1,Not Needed,2025-06-12
27679,11049,125,1,Wrong Size,2024-08-05
9271,3686,180,1,Wrong Size,2025-02-06
8100,3235,78,1,Not Needed,2024-06-04
6144,2462,121,1,Late Delivery,2025-06-13
8223,3280,118,1,Damaged,2025-08-08
13678,5445,25,1,Damaged,2024-07-19
21060,8407,50,1,Not Needed,2024-02-26
8455,3372,86,1,Late Delivery,2025-12-07
8102,3235,66,1,Late Delivery,2024-02-03
1020,412,169,1,Not Needed,2025-06-20
26656,10654,66,1,Damaged,2025-02-22
22171,8866,150,1,Wrong Size,2025-05-10
20276,8094,119,1,Wrong Size,2024-01-12
13089,5213,79,1,Not Needed,2025-06-21
18757,7485,55,1,Wrong Size,2025-09-30
18122,7229,145,1,Wrong Size,2025-10-12
5102,2046,67,1,Late Delivery,2024-11-05
26333,10529,80,1,Wrong Size,2025-08-01
11071,4396,14,1,Damaged,2025-05-31
28971,11561,47,1,Damaged,2025-07-09
1633,664,180,1,Not Needed,2025-02-02
12645,5032,68,1,Late Delivery,2024-04-20
18411,7347,6,1,Damaged,2025-08-23
10900,4327,99,1,Damaged,2024-02-13
5707,2279,157,1,Late Delivery,2025-06-28
10215,4063,151,1,Late Delivery,2025-03-30
24313,9733,178,1,Late Delivery,2024-08-30
22780,9125,155,1,Late Delivery,2025-02-20
2114,852,21,1,Not Needed,2024-05-31
11786,4683,78,1,Not Needed,2024-10-02
29035,11585,162,1,Damaged,2025-04-21
16733,6670,106,1,Late Delivery,2024-08-22
18882,7535,32,1,Not Needed,2025-06-13
3903,1565,109,1,Damaged,2024-08-03
22617,9057,14,1,Not Needed,2024-07-21
9136,3633,37,1,Damaged,2025-08-07
17112,6824,80,1,Not Needed,2024-04-18
23139,9277,173,1,Damaged,2024-04-30
5210,2089,134,1,Not Needed,2024-08-05
13324,5303,167,1,Late Delivery,2024-03-31
13048,5195,154,1,Wrong Size,2025-12-23
3551,1427,79,1,Damaged,2024-09-26
22707,9095,2,1,Not Needed,2025-03-03
6557,2616,123,1,Not Needed,2025-03-13
11568,4599,134,1,Not Needed,2025-04-01
2862,1156,88,1,Damaged,2025-01-15
2126,855,117,1,Damaged,2025-04-01
24380,9761,27,1,Not Needed,2025-04-24
6076,2434,62,1,Wrong Size,2024-04-22
5646,2258,171,1,Not Needed,2026-01-25
25617,10246,134,1,Not Needed,2024-06-23
22776,9124,74,1,Not Needed,2024-01-20
29433,11741,86,1,Wrong Size,2025-11-03
8615,3432,168,1,Damaged,2025-01-21
19320,7712,158,1,Late Delivery,2025-10-30
26799,10706,37,1,Wrong Size,2024-05-18
21818,8715,102,1,Not Needed,2024-03-30
22415,8969,160,1,Not Needed,2024-02-25
22559,9028,106,1,Damaged,2025-06-28
1207,489,97,1,Damaged,2025-04-24
36,14,163,1,Wrong Size,2024-12-03
1881,762,102,1,Damaged,2025-10-17
20735,8278,41,1,Damaged,2024-07-14
1592,648,150,1,Damaged,2024-08-21
13455,5350,133,1,Not Needed,2024-12-28
10634,4226,77,1,Wrong Size,2024-07-21
5607,2243,47,1,Late Delivery,2025-10-20
1542,623,159,1,Wrong Size,2024-10-28
16327,6508,45,1,Not Needed,2024-11-11
2224,896,55,1,Wrong Size,2024-09-23
22739,9109,148,1,Wrong Size,2025-01-25
29680,11840,98,1,Late Delivery,2025-08-28
8955,3564,60,1,Late Delivery,2024-02-20
10192,4054,167,1,Damaged,2024-09-03
12270,4882,100,1,Not Needed,2024-06-16
16400,6538,63,1,Damaged,2024-08-05
9401,3738,174,1,Damaged,2024-04-25
1776,722,63,1,Not Needed,2025-05-09
7086,2834,26,1,Damaged,2025-05-14
9985,3973,77,1,Late Delivery,2024-10-13
13024,5187,108,1,Late Delivery,2025-06-08
17588,7010,147,1,Damaged,2025-05-14
28309,11303,94,1,Not Needed,2024-05-24
19231,7679,2,1,Damaged,2026-02-02
8534,3397,4,1,Damaged,2024-11-23
19103,7625,10,1,Damaged,2025-02-17
412,176,30,1,Damaged,2024-10-30
2427,979,140,1,Damaged,2025-12-07
3040,1225,144,1,Damaged,2025-08-31
6102,2447,15,1,Damaged,2024-11-23
8157,3253,57,1,Damaged,2024-05-07
7569,3025,141,1,Not Needed,2025-02-19
23263,9326,87,1,Not Needed,2024-05-12
8854,3522,21,1,Damaged,2024-12-11
29408,11731,30,1,Damaged,2025-12-29
16531,6591,123,1,Wrong Size,2025-04-03
26612,10637,6,1,Not Needed,2025-04-10
3676,1479,174,1,Damaged,2025-08-06
17726,7067,137,1,Wrong Size,2024-10-02
18682,7456,111,1,Damaged,2025-04-10
10741,4268,150,1,Damaged,2024-04-23
23843,9549,167,1,Damaged,2024-07-20
3942,1584,162,1,Damaged,2024-02-25
6528,2606,21,1,Not Needed,2025-04-17
26735,10680,64,1,Wrong Size,2024-04-20
7622,3044,169,1,Not Needed,2024-12-07
9803,3902,6,1,Late Delivery,2025-05-13
9827,3912,49,1,Wrong Size,2025-06-20
4418,1771,77,1,Not Needed,2024-12-20
11045,4385,143,1,Damaged,2025-08-17
20702,8265,172,1,Not Needed,2025-05-15
14064,5595,134,1,Damaged,2025-01-04
10948,4346,158,1,Not Needed,2025-06-03
23152,9282,103,1,Not Needed,2025-07-30
10680,4243,93,1,Damaged,2026-02-01
19812,7904,73,1,Not Needed,2025-07-28
8132,3244,4,1,Not Needed,2024-06-11
19692,7860,39,1,Wrong Size,2025-08-07
25479,10184,144,1,Late Delivery,2024-06-30
24230,9703,72,1,Damaged,2025-12-20
15625,6228,175,1,Wrong Size,2025-04-05
15803,6298,38,1,Damaged,2024-08-20
12194,4851,66,1,Not Needed,2024-12-09
9092,3613,122,1,Late Delivery,2025-01-19
6050,2425,123,1,Damaged,2025-11-27
7775,3106,147,1,Damaged,2025-10-29
11872,4716,86,1,Not Needed,2025-06-04
4084,1645,151,1,Not Needed,2025-02-21
29777,11883,50,1,Late Delivery,2024-04-18
10431,4149,125,1,Not Needed,2025-03-29
11654,4633,87,1,Not Needed,2024-08-12
17550,6994,168,1,Not Needed,2025-02-04
12981,5171,135,1,Wrong Size,2025-08-31
21352,8530,26,1,Wrong Size,2024-11-29
21037,8397,79,1,Damaged,2025-09-04
9161,3642,102,1,Damaged,2025-05-14
29379,11720,47,1,Late Delivery,2024-03-25
27804,11101,66,1,Damaged,2025-06-27
17282,6892,141,1,Damaged,2024-05-25
15189,6051,158,1,Damaged,2025-05-17
29630,11819,117,1,Not Needed,2025-10-20
5921,2371,115,1,Damaged,2025-02-08
22566,9033,46,1,Not Needed,2024-02-03
1810,735,17,1,Late Delivery,2024-07-24
16869,6724,64,1,Wrong Size,2024-09-07
17474,6966,135,1,Wrong Size,2025-03-25
28983,11564,124,1,Damaged,2024-07-14
21852,8729,66,1,Damaged,2025-01-06
18664,7447,56,1,Not Needed,2024-12-27
1073,436,143,1,Not Needed,2025-04-21
18879,7534,96,1,Not Needed,2025-02-14
5234,2097,17,1,Not Needed,2025-10-31
5901,2363,111,1,Wrong Size,2025-02-09
14047,5590,27,1,Not Needed,2025-09-24
17627,7028,3,1,Wrong Size,2024-01-11
8040,3211,48,1,Damaged,2024-09-13
17576,7006,175,1,Damaged,2025-12-11
27741,11078,31,1,Wrong Size,2024-06-11
15520,6182,6,1,Damaged,2024-12-08
3682,1482,91,1,Wrong Size,2025-12-04
26522,10599,35,1,Wrong Size,2025-11-17
8739,3478,132,1,Damaged,2025-06-06
22527,9017,109,1,Not Needed,2025-07-03
25257,10098,104,1,Wrong Size,2024-10-29
15838,6312,68,1,Late Delivery,2025-01-15
6804,2721,139,1,Late Delivery,2025-08-25
26044,10417,107,1,Wrong Size,2024-11-07
23653,9480,11,1,Damaged,2024-04-27
18876,7532,83,1,Damaged,2024-10-01
7177,2865,100,1,Not Needed,2024-03-16
26531,10603,51,1,Damaged,2024-05-09
13601,5410,147,1,Not Needed,2025-05-20
7157,2857,125,1,Wrong Size,2024-07-06
787,321,165,1,Damaged,2025-09-25
26978,10773,165,1,Not Needed,2024-07-18
17439,6953,3,1,Not Needed,2025-03-12
300,125,41,1,Damaged,2024-09-18
9020,3586,44,1,Not Needed,2025-01-15
25207,10078,116,1,Damaged,2024-04-21
13180,5248,143,1,Wrong Size,2025-01-22
17084,6813,162,1,Wrong Size,2025-12-31
6690,2675,67,1,Wrong Size,2025-02-28
27017,10788,147,1,Damaged,2025-08-08
15792,6294,11,1,Wrong Size,2025-11-19
26038,10414,34,1,Damaged,2024-10-24
3819,1534,108,1,Damaged,2025-11-02
6132,2458,52,1,Late Delivery,2025-03-14
18695,7462,20,1,Not Needed,2025-12-18
12460,4957,26,1,Not Needed,2025-08-08
30044,11994,68,1,Not Needed,2025-04-22
22695,9090,170,1,Not Needed,2024-06-03
4894,1959,6,1,Damaged,2024-05-29
26115,10447,124,1,Damaged,2025-05-25
19531,7799,7,1,Damaged,2024-02-19
26105,10443,87,1,Late Delivery,2025-03-16
1967,794,7,1,Not Needed,2025-07-28
17979,7167,6,1,Wrong Size,2025-05-28
9739,3878,135,1,Not Needed,2025-11-11
14903,5943,140,1,Damaged,2025-07-15
23365,9363,127,1,Damaged,2026-01-02
10820,4297,130,1,Damaged,2025-03-13
6589,2629,49,1,Damaged,2025-01-16
24254,9711,122,1,Wrong Size,2025-01-25
17244,6877,118,1,Damaged,2024-01-28
2256,909,23,1,Wrong Size,2025-11-01
8136,3245,107,1,Not Needed,2025-06-18
27962,11158,71,1,Wrong Size,2024-06-08
16273,6489,13,1,Wrong Size,2025-02-18
18429,7352,170,1,Not Needed,2025-10-12
19430,7759,67,1,Not Needed,2024-09-24
23011,9222,89,1,Damaged,2024-02-21
18820,7511,95,1,Damaged,2025-03-21
21005,8386,67,1,Damaged,2024-04-05
3663,1472,163,1,Not Needed,2024-01-10
12010,4777,33,1,Damaged,2024-06-08
29430,11740,18,1,Wrong Size,2025-03-17
22562,9031,154,1,Not Needed,2024-12-16
13179,5248,121,1,Wrong Size,2025-04-11
9344,3715,50,1,Late Delivery,2024-05-01
17954,7158,78,1,Damaged,2024-06-05
16120,6426,43,1,Wrong Size,2024-10-15
12391,4927,148,1,Not Needed,2024-07-16
11723,4660,12,1,Wrong Size,2024-11-25
28941,11548,175,1,Wrong Size,2025-11-22
15005,5980,159,1,Wrong Size,2025-01-06
6655,2659,20,1,Damaged,2025-07-13
26000,10398,13,1,Wrong Size,2024-04-14
7560,3022,130,1,Damaged,2025-10-21
24972,9988,98,1,Wrong Size,2024-12-14
6719,2689,153,1,Damaged,2025-01-20
23920,9580,135,1,Wrong Size,2025-11-03
5414,2175,83,1,Not Needed,2025-03-29
22546,9023,2,1,Wrong Size,2024-09-27
12852,5119,148,1,Not Needed,2025-11-05
16877,6727,150,1,Not Needed,2025-07-17
18299,7303,103,1,Damaged,2024-07-07
4313,1736,116,1,Damaged,2024-08-05
28956,11556,176,1,Damaged,2024-02-10
28654,11431,1,1,Wrong Size,2025-03-03
2602,1047,10,1,Damaged,2024-06-06
6980,2793,153,1,Damaged,2025-02-23
24544,9824,84,1,Wrong Size,2026-01-09
11744,4667,78,1,Wrong Size,2024-06-01
